{"level":"debug","time":"2026-04-16T15:03:21+08:00","caller":"C:/Users/93986/GolandProjects/brambleclaw/cli/cli.go:192","message":"加载系统配置..."}
{"level":"debug","time":"2026-04-16T15:03:21+08:00","caller":"C:/Users/93986/GolandProjects/brambleclaw/config/config.go:88","message":"显示加载"}
{"level":"debug","time":"2026-04-16T15:03:21+08:00","caller":"C:/Users/93986/GolandProjects/brambleclaw/config/config.go:99","message":"环境变量加载"}
{"level":"debug","path":"C:\\Users\\93986\\GolandProjects\\brambleclaw\\config\\config.json","time":"2026-04-16T15:03:21+08:00","caller":"C:/Users/93986/GolandProjects/brambleclaw/config/config.go:102","message":"从环境变量加载配置成功"}
{"level":"debug","config_path":"C:\\Users\\93986\\GolandProjects\\brambleclaw\\config\\config.json","time":"2026-04-16T15:03:21+08:00","caller":"C:/Users/93986/GolandProjects/brambleclaw/cli/cli.go:204","message":"成功加载配置文件"}
{"level":"debug","time":"2026-04-16T15:03:21+08:00","caller":"C:/Users/93986/GolandProjects/brambleclaw/cli/cli.go:210","message":"初始化消息总线..."}
{"level":"debug","time":"2026-04-16T15:03:21+08:00","caller":"C:/Users/93986/GolandProjects/brambleclaw/cli/cli.go:214","message":"初始化通道管理器..."}
{"level":"debug","time":"2026-04-16T15:03:21+08:00","caller":"C:/Users/93986/GolandProjects/brambleclaw/cli/cli.go:218","message":"初始化 CLI 通道..."}
{"level":"debug","channel":"cli","time":"2026-04-16T15:03:21+08:00","caller":"C:/Users/93986/GolandProjects/brambleclaw/channel/manager.go:36","message":"channel registered"}
{"level":"debug","time":"2026-04-16T15:03:21+08:00","caller":"C:/Users/93986/GolandProjects/brambleclaw/cli/cli.go:227","message":"加载 Gateway 配置..."}
{"level":"debug","time":"2026-04-16T15:03:21+08:00","caller":"C:/Users/93986/GolandProjects/brambleclaw/cli/cli.go:234","message":"初始化 Gateway..."}
{"level":"debug","time":"2026-04-16T15:03:21+08:00","caller":"C:/Users/93986/GolandProjects/brambleclaw/cli/cli.go:238","message":"创建并注册 Agent..."}
{"level":"info","Agent":"main","time":"2026-04-16T15:03:21+08:00","message":"[Gateway] Agent 已注册"}
{"level":"debug","time":"2026-04-16T15:03:21+08:00","caller":"C:/Users/93986/GolandProjects/brambleclaw/cli/cli.go:266","message":"启动 Gateway 和 Channel..."}
{"level":"info","time":"2026-04-16T15:03:21+08:00","message":"[Gateway] 已启动"}
{"level":"debug","time":"2026-04-16T15:03:21+08:00","caller":"C:/Users/93986/GolandProjects/brambleclaw/gateway/gateway.go:218","message":"[Gateway] 订阅分发启动"}
{"level":"debug","time":"2026-04-16T15:03:21+08:00","caller":"C:/Users/93986/GolandProjects/brambleclaw/gateway/gateway.go:128","message":"[Gateway] 消息处理循环启动"}
{"level":"debug","time":"2026-04-16T15:03:21+08:00","caller":"C:/Users/93986/GolandProjects/brambleclaw/gateway/gateway.go:221","message":"[Gateway] 响应分发启动"}
{"level":"debug","Message received":"你是谁","time":"2026-04-16T15:03:29+08:00","caller":"C:/Users/93986/GolandProjects/brambleclaw/bus/queue.go:130"}
{"level":"info","time":"2026-04-16T15:03:51+08:00","message":"[Gateway] 执行健康检查"}
{"level":"debug","Message received":"帮我搜索一下广州发生了什么大事","time":"2026-04-16T15:04:04+08:00","caller":"C:/Users/93986/GolandProjects/brambleclaw/bus/queue.go:130"}
{"level":"debug","tool":"web_search","time":"2026-04-16T15:04:09+08:00","caller":"C:/Users/93986/GolandProjects/brambleclaw/tools/web_search.go:64","message":"开始执行 WebSearch 工具"}
{"level":"error","error":"Agent处理失败: 执行搜索请求失败(广州 大事 新闻 最新): 搜索API内部错误(10400): web_summary type needs summary, please set need_summary=true","time":"2026-04-16T15:04:10+08:00","caller":"C:/Users/93986/GolandProjects/brambleclaw/gateway/gateway.go:148","message":"[Gateway] 处理消息失败"}
{"level":"info","time":"2026-04-16T15:04:21+08:00","message":"[Gateway] 执行健康检查"}
{"level":"info","time":"2026-04-16T15:04:51+08:00","message":"[Gateway] 执行健康检查"}
{"level":"debug","time":"2026-04-16T15:05:20+08:00","caller":"C:/Users/93986/GolandProjects/brambleclaw/cli/cli.go:169","message":"加载配置并初始化日志分析器..."}
{"level":"debug","time":"2026-04-16T15:05:20+08:00","caller":"C:/Users/93986/GolandProjects/brambleclaw/config/config.go:88","message":"显示加载"}
{"level":"debug","time":"2026-04-16T15:05:20+08:00","caller":"C:/Users/93986/GolandProjects/brambleclaw/config/config.go:99","message":"环境变量加载"}
{"level":"debug","path":"C:\\Users\\93986\\GolandProjects\\brambleclaw\\config\\config.json","time":"2026-04-16T15:05:20+08:00","caller":"C:/Users/93986/GolandProjects/brambleclaw/config/config.go:102","message":"从环境变量加载配置成功"}
{"level":"debug","log_path":"logs/brambleclaw.log","lines":100,"time":"2026-04-16T15:05:20+08:00","caller":"C:/Users/93986/GolandProjects/brambleclaw/cli/cli.go:182","message":"开始格式化输出日志"}
{"level":"debug","log_path":"logs/brambleclaw.log","lines":100,"time":"2026-04-16T15:05:20+08:00","caller":"C:/Users/93986/GolandProjects/brambleclaw/logger/analyzer.go:14","message":"开始读取和分析日志"}
{"level":"info","time":"2026-04-16T15:05:21+08:00","message":"[Gateway] 执行健康检查"}
{"level":"info","time":"2026-04-16T15:05:51+08:00","message":"[Gateway] 执行健康检查"}
{"level":"info","time":"2026-04-16T15:06:21+08:00","message":"[Gateway] 执行健康检查"}
{"level":"info","time":"2026-04-16T15:06:51+08:00","message":"[Gateway] 执行健康检查"}
{"level":"info","time":"2026-04-16T15:07:21+08:00","message":"[Gateway] 执行健康检查"}
{"level":"info","time":"2026-04-16T15:07:51+08:00","message":"[Gateway] 执行健康检查"}
{"level":"info","time":"2026-04-16T15:08:21+08:00","message":"[Gateway] 执行健康检查"}
{"level":"info","time":"2026-04-16T15:08:51+08:00","message":"[Gateway] 执行健康检查"}
{"level":"info","time":"2026-04-16T15:09:21+08:00","message":"[Gateway] 执行健康检查"}
{"level":"info","time":"2026-04-16T15:09:51+08:00","message":"[Gateway] 执行健康检查"}
{"level":"info","time":"2026-04-16T15:10:21+08:00","message":"[Gateway] 执行健康检查"}
{"level":"info","time":"2026-04-16T15:10:51+08:00","message":"[Gateway] 执行健康检查"}
{"level":"info","time":"2026-04-16T15:11:21+08:00","message":"[Gateway] 执行健康检查"}
{"level":"info","time":"2026-04-16T15:11:51+08:00","message":"[Gateway] 执行健康检查"}
{"level":"info","time":"2026-04-16T15:12:21+08:00","message":"[Gateway] 执行健康检查"}
{"level":"info","time":"2026-04-16T15:12:51+08:00","message":"[Gateway] 执行健康检查"}
{"level":"info","time":"2026-04-16T15:13:21+08:00","message":"[Gateway] 执行健康检查"}
{"level":"info","time":"2026-04-16T15:13:51+08:00","message":"[Gateway] 执行健康检查"}
{"level":"info","time":"2026-04-16T15:14:21+08:00","message":"[Gateway] 执行健康检查"}
{"level":"info","time":"2026-04-16T15:14:51+08:00","message":"[Gateway] 执行健康检查"}
{"level":"info","time":"2026-04-16T15:15:21+08:00","message":"[Gateway] 执行健康检查"}
{"level":"info","time":"2026-04-16T15:15:51+08:00","message":"[Gateway] 执行健康检查"}
{"level":"info","time":"2026-04-16T15:16:21+08:00","message":"[Gateway] 执行健康检查"}
{"level":"info","time":"2026-04-16T15:16:51+08:00","message":"[Gateway] 执行健康检查"}
{"level":"info","time":"2026-04-16T15:17:21+08:00","message":"[Gateway] 执行健康检查"}
{"level":"info","time":"2026-04-16T15:17:51+08:00","message":"[Gateway] 执行健康检查"}
{"level":"info","time":"2026-04-16T15:18:21+08:00","message":"[Gateway] 执行健康检查"}
{"level":"info","time":"2026-04-16T15:18:51+08:00","message":"[Gateway] 执行健康检查"}
{"level":"info","time":"2026-04-16T15:19:21+08:00","message":"[Gateway] 执行健康检查"}
{"level":"info","time":"2026-04-16T15:19:51+08:00","message":"[Gateway] 执行健康检查"}
{"level":"info","time":"2026-04-16T15:20:21+08:00","message":"[Gateway] 执行健康检查"}
{"level":"info","time":"2026-04-16T15:20:51+08:00","message":"[Gateway] 执行健康检查"}
{"level":"info","time":"2026-04-16T15:21:21+08:00","message":"[Gateway] 执行健康检查"}
{"level":"info","time":"2026-04-16T15:21:51+08:00","message":"[Gateway] 执行健康检查"}
{"level":"info","time":"2026-04-16T15:22:21+08:00","message":"[Gateway] 执行健康检查"}
{"level":"info","time":"2026-04-16T15:22:51+08:00","message":"[Gateway] 执行健康检查"}
{"level":"info","time":"2026-04-16T15:23:21+08:00","message":"[Gateway] 执行健康检查"}
{"level":"info","time":"2026-04-16T15:23:51+08:00","message":"[Gateway] 执行健康检查"}
{"level":"info","time":"2026-04-16T15:24:21+08:00","message":"[Gateway] 执行健康检查"}
{"level":"info","time":"2026-04-16T15:24:51+08:00","message":"[Gateway] 执行健康检查"}
{"level":"info","time":"2026-04-16T15:25:21+08:00","message":"[Gateway] 执行健康检查"}
{"level":"info","time":"2026-04-16T15:25:51+08:00","message":"[Gateway] 执行健康检查"}
{"level":"info","time":"2026-04-16T15:26:21+08:00","message":"[Gateway] 执行健康检查"}
{"level":"info","time":"2026-04-16T15:26:51+08:00","message":"[Gateway] 执行健康检查"}
{"level":"info","time":"2026-04-16T15:27:21+08:00","message":"[Gateway] 执行健康检查"}
{"level":"info","time":"2026-04-16T15:27:51+08:00","message":"[Gateway] 执行健康检查"}
{"level":"info","time":"2026-04-16T15:28:21+08:00","message":"[Gateway] 执行健康检查"}
{"level":"info","time":"2026-04-16T15:28:51+08:00","message":"[Gateway] 执行健康检查"}
{"level":"debug","time":"2026-04-16T15:29:05+08:00","caller":"C:/Users/93986/GolandProjects/brambleclaw/cli/cli.go:169","message":"加载配置并初始化日志分析器..."}
{"level":"debug","time":"2026-04-16T15:29:05+08:00","caller":"C:/Users/93986/GolandProjects/brambleclaw/config/config.go:88","message":"显示加载"}
{"level":"debug","time":"2026-04-16T15:29:05+08:00","caller":"C:/Users/93986/GolandProjects/brambleclaw/config/config.go:99","message":"环境变量加载"}
{"level":"debug","path":"C:\\Users\\93986\\GolandProjects\\brambleclaw\\config\\config.json","time":"2026-04-16T15:29:05+08:00","caller":"C:/Users/93986/GolandProjects/brambleclaw/config/config.go:102","message":"从环境变量加载配置成功"}
{"level":"debug","log_path":"logs/brambleclaw.log","lines":30,"time":"2026-04-16T15:29:05+08:00","caller":"C:/Users/93986/GolandProjects/brambleclaw/cli/cli.go:182","message":"开始格式化输出日志"}
{"level":"debug","log_path":"logs/brambleclaw.log","lines":30,"time":"2026-04-16T15:29:05+08:00","caller":"C:/Users/93986/GolandProjects/brambleclaw/logger/analyzer.go:14","message":"开始读取和分析日志"}
{"level":"info","time":"2026-04-16T15:29:21+08:00","message":"[Gateway] 执行健康检查"}
{"level":"debug","time":"2026-04-16T15:29:23+08:00","caller":"C:/Users/93986/GolandProjects/brambleclaw/cli/cli.go:169","message":"加载配置并初始化日志分析器..."}
{"level":"debug","time":"2026-04-16T15:29:23+08:00","caller":"C:/Users/93986/GolandProjects/brambleclaw/config/config.go:88","message":"显示加载"}
{"level":"debug","time":"2026-04-16T15:29:23+08:00","caller":"C:/Users/93986/GolandProjects/brambleclaw/config/config.go:99","message":"环境变量加载"}
{"level":"debug","path":"C:\\Users\\93986\\GolandProjects\\brambleclaw\\config\\config.json","time":"2026-04-16T15:29:23+08:00","caller":"C:/Users/93986/GolandProjects/brambleclaw/config/config.go:102","message":"从环境变量加载配置成功"}
{"level":"debug","log_path":"logs/brambleclaw.log","lines":100,"time":"2026-04-16T15:29:23+08:00","caller":"C:/Users/93986/GolandProjects/brambleclaw/cli/cli.go:182","message":"开始格式化输出日志"}
{"level":"debug","log_path":"logs/brambleclaw.log","lines":100,"time":"2026-04-16T15:29:23+08:00","caller":"C:/Users/93986/GolandProjects/brambleclaw/logger/analyzer.go:14","message":"开始读取和分析日志"}
{"level":"info","time":"2026-04-16T15:29:51+08:00","message":"[Gateway] 执行健康检查"}
{"level":"info","time":"2026-04-16T15:30:21+08:00","message":"[Gateway] 执行健康检查"}
{"level":"info","time":"2026-04-16T15:30:51+08:00","message":"[Gateway] 执行健康检查"}
{"level":"info","time":"2026-04-16T15:31:21+08:00","message":"[Gateway] 执行健康检查"}
{"level":"info","time":"2026-04-16T15:31:51+08:00","message":"[Gateway] 执行健康检查"}
{"level":"info","time":"2026-04-16T15:32:21+08:00","message":"[Gateway] 执行健康检查"}
{"level":"info","time":"2026-04-16T15:32:51+08:00","message":"[Gateway] 执行健康检查"}
{"level":"info","time":"2026-04-16T15:33:21+08:00","message":"[Gateway] 执行健康检查"}
{"level":"info","time":"2026-04-16T15:33:51+08:00","message":"[Gateway] 执行健康检查"}
{"level":"info","time":"2026-04-16T15:34:21+08:00","message":"[Gateway] 执行健康检查"}
{"level":"info","time":"2026-04-16T15:34:51+08:00","message":"[Gateway] 执行健康检查"}
{"level":"info","time":"2026-04-16T15:35:21+08:00","message":"[Gateway] 执行健康检查"}
{"level":"info","time":"2026-04-16T15:35:51+08:00","message":"[Gateway] 执行健康检查"}
{"level":"info","time":"2026-04-16T15:36:21+08:00","message":"[Gateway] 执行健康检查"}
{"level":"info","time":"2026-04-16T15:36:51+08:00","message":"[Gateway] 执行健康检查"}
{"level":"info","time":"2026-04-16T15:37:21+08:00","message":"[Gateway] 执行健康检查"}
{"level":"info","time":"2026-04-16T15:37:51+08:00","message":"[Gateway] 执行健康检查"}
{"level":"info","time":"2026-04-16T15:38:21+08:00","message":"[Gateway] 执行健康检查"}
{"level":"info","time":"2026-04-16T15:38:51+08:00","message":"[Gateway] 执行健康检查"}
{"level":"info","time":"2026-04-16T15:39:21+08:00","message":"[Gateway] 执行健康检查"}
{"level":"info","time":"2026-04-16T15:39:51+08:00","message":"[Gateway] 执行健康检查"}
{"level":"info","time":"2026-04-16T15:40:21+08:00","message":"[Gateway] 执行健康检查"}
{"level":"info","time":"2026-04-16T15:40:51+08:00","message":"[Gateway] 执行健康检查"}
{"level":"info","time":"2026-04-16T15:41:21+08:00","message":"[Gateway] 执行健康检查"}
{"level":"info","time":"2026-04-16T15:41:51+08:00","message":"[Gateway] 执行健康检查"}
{"level":"info","time":"2026-04-16T15:42:21+08:00","message":"[Gateway] 执行健康检查"}
{"level":"info","time":"2026-04-16T15:42:51+08:00","message":"[Gateway] 执行健康检查"}
{"level":"info","time":"2026-04-16T15:43:21+08:00","message":"[Gateway] 执行健康检查"}
{"level":"info","time":"2026-04-16T15:43:51+08:00","message":"[Gateway] 执行健康检查"}
{"level":"info","time":"2026-04-16T15:44:21+08:00","message":"[Gateway] 执行健康检查"}
{"level":"info","time":"2026-04-16T15:44:51+08:00","message":"[Gateway] 执行健康检查"}
{"level":"info","time":"2026-04-16T15:45:21+08:00","message":"[Gateway] 执行健康检查"}
{"level":"info","time":"2026-04-16T15:45:51+08:00","message":"[Gateway] 执行健康检查"}
{"level":"info","time":"2026-04-16T15:46:21+08:00","message":"[Gateway] 执行健康检查"}
{"level":"info","time":"2026-04-16T15:46:51+08:00","message":"[Gateway] 执行健康检查"}
{"level":"info","time":"2026-04-16T15:47:21+08:00","message":"[Gateway] 执行健康检查"}
{"level":"info","time":"2026-04-16T15:47:51+08:00","message":"[Gateway] 执行健康检查"}
{"level":"info","time":"2026-04-16T15:48:21+08:00","message":"[Gateway] 执行健康检查"}
{"level":"info","time":"2026-04-16T15:48:51+08:00","message":"[Gateway] 执行健康检查"}
{"level":"info","time":"2026-04-16T15:49:21+08:00","message":"[Gateway] 执行健康检查"}
{"level":"info","time":"2026-04-16T15:49:51+08:00","message":"[Gateway] 执行健康检查"}
{"level":"info","time":"2026-04-16T15:50:21+08:00","message":"[Gateway] 执行健康检查"}
{"level":"info","time":"2026-04-16T15:50:51+08:00","message":"[Gateway] 执行健康检查"}
{"level":"info","time":"2026-04-16T15:51:21+08:00","message":"[Gateway] 执行健康检查"}
{"level":"info","time":"2026-04-16T15:51:51+08:00","message":"[Gateway] 执行健康检查"}
{"level":"info","time":"2026-04-16T15:52:21+08:00","message":"[Gateway] 执行健康检查"}
{"level":"info","time":"2026-04-16T15:52:51+08:00","message":"[Gateway] 执行健康检查"}
{"level":"info","time":"2026-04-16T15:53:21+08:00","message":"[Gateway] 执行健康检查"}
{"level":"info","time":"2026-04-16T15:53:51+08:00","message":"[Gateway] 执行健康检查"}
{"level":"info","time":"2026-04-16T15:54:21+08:00","message":"[Gateway] 执行健康检查"}
{"level":"info","time":"2026-04-16T15:54:51+08:00","message":"[Gateway] 执行健康检查"}
{"level":"info","time":"2026-04-16T15:55:21+08:00","message":"[Gateway] 执行健康检查"}
{"level":"info","time":"2026-04-16T15:55:51+08:00","message":"[Gateway] 执行健康检查"}
{"level":"info","time":"2026-04-16T15:56:21+08:00","message":"[Gateway] 执行健康检查"}
{"level":"info","time":"2026-04-16T15:56:51+08:00","message":"[Gateway] 执行健康检查"}
{"level":"info","time":"2026-04-16T15:57:21+08:00","message":"[Gateway] 执行健康检查"}
{"level":"info","time":"2026-04-16T15:57:51+08:00","message":"[Gateway] 执行健康检查"}
{"level":"info","time":"2026-04-16T15:58:21+08:00","message":"[Gateway] 执行健康检查"}
{"level":"info","time":"2026-04-16T15:58:51+08:00","message":"[Gateway] 执行健康检查"}
{"level":"info","time":"2026-04-16T15:59:21+08:00","message":"[Gateway] 执行健康检查"}
{"level":"info","time":"2026-04-16T15:59:51+08:00","message":"[Gateway] 执行健康检查"}
{"level":"info","time":"2026-04-16T16:00:21+08:00","message":"[Gateway] 执行健康检查"}
{"level":"info","time":"2026-04-16T16:00:51+08:00","message":"[Gateway] 执行健康检查"}
{"level":"info","time":"2026-04-16T16:01:21+08:00","message":"[Gateway] 执行健康检查"}
{"level":"info","time":"2026-04-16T16:01:51+08:00","message":"[Gateway] 执行健康检查"}
{"level":"info","time":"2026-04-16T16:02:21+08:00","message":"[Gateway] 执行健康检查"}
{"level":"info","time":"2026-04-16T16:02:51+08:00","message":"[Gateway] 执行健康检查"}
{"level":"info","time":"2026-04-16T16:03:21+08:00","message":"[Gateway] 执行健康检查"}
{"level":"info","time":"2026-04-16T16:03:51+08:00","message":"[Gateway] 执行健康检查"}
{"level":"info","time":"2026-04-16T16:04:21+08:00","message":"[Gateway] 执行健康检查"}
{"level":"info","time":"2026-04-16T16:04:51+08:00","message":"[Gateway] 执行健康检查"}
{"level":"info","time":"2026-04-16T16:05:21+08:00","message":"[Gateway] 执行健康检查"}
{"level":"info","time":"2026-04-16T16:05:51+08:00","message":"[Gateway] 执行健康检查"}
{"level":"info","time":"2026-04-16T16:06:21+08:00","message":"[Gateway] 执行健康检查"}
{"level":"info","time":"2026-04-16T16:06:51+08:00","message":"[Gateway] 执行健康检查"}
{"level":"info","time":"2026-04-16T16:07:21+08:00","message":"[Gateway] 执行健康检查"}
{"level":"info","time":"2026-04-16T16:07:51+08:00","message":"[Gateway] 执行健康检查"}
{"level":"info","time":"2026-04-16T16:08:21+08:00","message":"[Gateway] 执行健康检查"}
{"level":"info","time":"2026-04-16T16:08:51+08:00","message":"[Gateway] 执行健康检查"}
{"level":"info","time":"2026-04-16T16:09:21+08:00","message":"[Gateway] 执行健康检查"}
{"level":"info","time":"2026-04-16T16:09:51+08:00","message":"[Gateway] 执行健康检查"}
{"level":"info","time":"2026-04-16T16:10:21+08:00","message":"[Gateway] 执行健康检查"}
{"level":"info","time":"2026-04-16T16:10:51+08:00","message":"[Gateway] 执行健康检查"}
{"level":"info","time":"2026-04-16T16:11:21+08:00","message":"[Gateway] 执行健康检查"}
{"level":"info","time":"2026-04-16T16:11:51+08:00","message":"[Gateway] 执行健康检查"}
{"level":"info","time":"2026-04-16T16:12:21+08:00","message":"[Gateway] 执行健康检查"}
{"level":"info","time":"2026-04-16T16:12:51+08:00","message":"[Gateway] 执行健康检查"}
{"level":"info","time":"2026-04-16T16:13:21+08:00","message":"[Gateway] 执行健康检查"}
{"level":"info","time":"2026-04-16T16:13:51+08:00","message":"[Gateway] 执行健康检查"}
{"level":"info","time":"2026-04-16T16:14:21+08:00","message":"[Gateway] 执行健康检查"}
{"level":"info","time":"2026-04-16T16:14:51+08:00","message":"[Gateway] 执行健康检查"}
{"level":"info","time":"2026-04-16T16:15:21+08:00","message":"[Gateway] 执行健康检查"}
{"level":"info","time":"2026-04-16T16:15:51+08:00","message":"[Gateway] 执行健康检查"}
{"level":"info","time":"2026-04-16T16:16:21+08:00","message":"[Gateway] 执行健康检查"}
{"level":"info","time":"2026-04-16T16:16:51+08:00","message":"[Gateway] 执行健康检查"}
{"level":"info","time":"2026-04-16T16:17:21+08:00","message":"[Gateway] 执行健康检查"}
{"level":"info","time":"2026-04-16T16:17:51+08:00","message":"[Gateway] 执行健康检查"}
{"level":"info","time":"2026-04-16T16:18:21+08:00","message":"[Gateway] 执行健康检查"}
{"level":"info","time":"2026-04-16T16:18:51+08:00","message":"[Gateway] 执行健康检查"}
{"level":"info","time":"2026-04-16T16:19:21+08:00","message":"[Gateway] 执行健康检查"}
{"level":"info","time":"2026-04-16T16:19:51+08:00","message":"[Gateway] 执行健康检查"}
{"level":"info","time":"2026-04-16T16:20:21+08:00","message":"[Gateway] 执行健康检查"}
{"level":"info","time":"2026-04-16T16:20:51+08:00","message":"[Gateway] 执行健康检查"}
{"level":"info","time":"2026-04-16T16:21:21+08:00","message":"[Gateway] 执行健康检查"}
{"level":"info","time":"2026-04-16T16:21:51+08:00","message":"[Gateway] 执行健康检查"}
{"level":"info","time":"2026-04-16T16:22:21+08:00","message":"[Gateway] 执行健康检查"}
{"level":"info","time":"2026-04-16T16:22:51+08:00","message":"[Gateway] 执行健康检查"}
{"level":"info","time":"2026-04-16T16:23:21+08:00","message":"[Gateway] 执行健康检查"}
{"level":"info","time":"2026-04-16T16:23:51+08:00","message":"[Gateway] 执行健康检查"}
{"level":"info","time":"2026-04-16T16:24:21+08:00","message":"[Gateway] 执行健康检查"}
{"level":"info","time":"2026-04-16T16:24:51+08:00","message":"[Gateway] 执行健康检查"}
{"level":"info","time":"2026-04-16T16:25:21+08:00","message":"[Gateway] 执行健康检查"}
{"level":"info","time":"2026-04-16T16:25:51+08:00","message":"[Gateway] 执行健康检查"}
{"level":"info","time":"2026-04-16T16:26:21+08:00","message":"[Gateway] 执行健康检查"}
{"level":"info","time":"2026-04-16T16:26:51+08:00","message":"[Gateway] 执行健康检查"}
{"level":"info","time":"2026-04-16T16:27:21+08:00","message":"[Gateway] 执行健康检查"}
{"level":"info","time":"2026-04-16T16:27:51+08:00","message":"[Gateway] 执行健康检查"}
{"level":"info","time":"2026-04-16T16:28:21+08:00","message":"[Gateway] 执行健康检查"}
{"level":"info","time":"2026-04-16T16:28:51+08:00","message":"[Gateway] 执行健康检查"}
{"level":"info","time":"2026-04-16T16:29:21+08:00","message":"[Gateway] 执行健康检查"}
{"level":"info","time":"2026-04-16T16:29:51+08:00","message":"[Gateway] 执行健康检查"}
{"level":"info","time":"2026-04-16T16:30:21+08:00","message":"[Gateway] 执行健康检查"}
{"level":"info","time":"2026-04-16T16:30:51+08:00","message":"[Gateway] 执行健康检查"}
{"level":"info","time":"2026-04-16T16:31:21+08:00","message":"[Gateway] 执行健康检查"}
{"level":"info","time":"2026-04-16T16:31:51+08:00","message":"[Gateway] 执行健康检查"}
{"level":"info","time":"2026-04-16T16:32:21+08:00","message":"[Gateway] 执行健康检查"}
{"level":"info","time":"2026-04-16T16:32:51+08:00","message":"[Gateway] 执行健康检查"}
{"level":"info","time":"2026-04-16T16:33:21+08:00","message":"[Gateway] 执行健康检查"}
{"level":"info","time":"2026-04-16T16:33:51+08:00","message":"[Gateway] 执行健康检查"}
{"level":"info","time":"2026-04-16T16:34:21+08:00","message":"[Gateway] 执行健康检查"}
{"level":"info","time":"2026-04-16T16:34:51+08:00","message":"[Gateway] 执行健康检查"}
{"level":"info","time":"2026-04-16T16:35:21+08:00","message":"[Gateway] 执行健康检查"}
{"level":"info","time":"2026-04-16T16:35:51+08:00","message":"[Gateway] 执行健康检查"}
{"level":"info","time":"2026-04-16T16:36:21+08:00","message":"[Gateway] 执行健康检查"}
{"level":"info","time":"2026-04-16T16:36:51+08:00","message":"[Gateway] 执行健康检查"}
{"level":"info","time":"2026-04-16T16:37:21+08:00","message":"[Gateway] 执行健康检查"}
{"level":"info","time":"2026-04-16T16:37:51+08:00","message":"[Gateway] 执行健康检查"}
{"level":"info","time":"2026-04-16T16:38:21+08:00","message":"[Gateway] 执行健康检查"}
{"level":"info","time":"2026-04-16T16:38:51+08:00","message":"[Gateway] 执行健康检查"}
{"level":"info","time":"2026-04-16T16:39:21+08:00","message":"[Gateway] 执行健康检查"}
{"level":"info","time":"2026-04-16T16:39:51+08:00","message":"[Gateway] 执行健康检查"}
{"level":"info","time":"2026-04-16T16:40:21+08:00","message":"[Gateway] 执行健康检查"}
{"level":"info","time":"2026-04-16T16:40:51+08:00","message":"[Gateway] 执行健康检查"}
{"level":"info","time":"2026-04-16T16:41:21+08:00","message":"[Gateway] 执行健康检查"}
{"level":"info","time":"2026-04-16T16:41:51+08:00","message":"[Gateway] 执行健康检查"}
{"level":"info","time":"2026-04-16T16:42:21+08:00","message":"[Gateway] 执行健康检查"}
{"level":"info","time":"2026-04-16T16:42:51+08:00","message":"[Gateway] 执行健康检查"}
{"level":"info","time":"2026-04-16T16:43:21+08:00","message":"[Gateway] 执行健康检查"}
{"level":"info","time":"2026-04-16T16:43:51+08:00","message":"[Gateway] 执行健康检查"}
{"level":"info","time":"2026-04-16T16:44:21+08:00","message":"[Gateway] 执行健康检查"}
{"level":"info","time":"2026-04-16T16:44:51+08:00","message":"[Gateway] 执行健康检查"}
{"level":"info","time":"2026-04-16T16:45:21+08:00","message":"[Gateway] 执行健康检查"}
{"level":"info","time":"2026-04-16T16:45:51+08:00","message":"[Gateway] 执行健康检查"}
{"level":"info","time":"2026-04-16T16:46:21+08:00","message":"[Gateway] 执行健康检查"}
{"level":"info","time":"2026-04-16T16:46:51+08:00","message":"[Gateway] 执行健康检查"}
{"level":"info","time":"2026-04-16T16:47:21+08:00","message":"[Gateway] 执行健康检查"}
{"level":"info","time":"2026-04-16T16:47:51+08:00","message":"[Gateway] 执行健康检查"}
{"level":"info","time":"2026-04-16T16:48:21+08:00","message":"[Gateway] 执行健康检查"}
{"level":"info","time":"2026-04-16T16:48:51+08:00","message":"[Gateway] 执行健康检查"}
{"level":"info","time":"2026-04-16T16:49:21+08:00","message":"[Gateway] 执行健康检查"}
{"level":"info","time":"2026-04-16T16:49:51+08:00","message":"[Gateway] 执行健康检查"}
{"level":"info","time":"2026-04-16T16:50:21+08:00","message":"[Gateway] 执行健康检查"}
{"level":"info","time":"2026-04-16T16:50:51+08:00","message":"[Gateway] 执行健康检查"}
{"level":"info","time":"2026-04-16T16:51:21+08:00","message":"[Gateway] 执行健康检查"}
{"level":"info","time":"2026-04-16T16:51:51+08:00","message":"[Gateway] 执行健康检查"}
{"level":"info","time":"2026-04-16T16:52:21+08:00","message":"[Gateway] 执行健康检查"}
{"level":"info","time":"2026-04-16T16:52:51+08:00","message":"[Gateway] 执行健康检查"}
{"level":"info","time":"2026-04-16T16:53:21+08:00","message":"[Gateway] 执行健康检查"}
{"level":"info","time":"2026-04-16T16:53:51+08:00","message":"[Gateway] 执行健康检查"}
{"level":"info","time":"2026-04-16T16:54:21+08:00","message":"[Gateway] 执行健康检查"}
{"level":"info","time":"2026-04-16T16:54:51+08:00","message":"[Gateway] 执行健康检查"}
{"level":"info","time":"2026-04-16T16:55:21+08:00","message":"[Gateway] 执行健康检查"}
{"level":"info","time":"2026-04-16T16:55:51+08:00","message":"[Gateway] 执行健康检查"}
{"level":"info","time":"2026-04-16T16:56:21+08:00","message":"[Gateway] 执行健康检查"}
{"level":"info","time":"2026-04-16T16:56:51+08:00","message":"[Gateway] 执行健康检查"}
{"level":"info","time":"2026-04-16T16:57:21+08:00","message":"[Gateway] 执行健康检查"}
{"level":"info","time":"2026-04-16T16:57:51+08:00","message":"[Gateway] 执行健康检查"}
{"level":"info","time":"2026-04-16T16:58:21+08:00","message":"[Gateway] 执行健康检查"}
{"level":"info","time":"2026-04-16T16:58:51+08:00","message":"[Gateway] 执行健康检查"}
{"level":"info","time":"2026-04-16T16:59:21+08:00","message":"[Gateway] 执行健康检查"}
{"level":"info","time":"2026-04-16T16:59:51+08:00","message":"[Gateway] 执行健康检查"}
{"level":"info","time":"2026-04-16T17:00:21+08:00","message":"[Gateway] 执行健康检查"}
{"level":"info","time":"2026-04-16T17:00:51+08:00","message":"[Gateway] 执行健康检查"}
{"level":"info","time":"2026-04-16T17:01:21+08:00","message":"[Gateway] 执行健康检查"}
{"level":"info","time":"2026-04-16T17:01:51+08:00","message":"[Gateway] 执行健康检查"}
{"level":"info","time":"2026-04-16T17:02:21+08:00","message":"[Gateway] 执行健康检查"}
{"level":"info","time":"2026-04-16T17:02:51+08:00","message":"[Gateway] 执行健康检查"}
{"level":"info","time":"2026-04-16T17:03:21+08:00","message":"[Gateway] 执行健康检查"}
{"level":"info","time":"2026-04-16T17:03:51+08:00","message":"[Gateway] 执行健康检查"}
{"level":"info","time":"2026-04-16T17:04:21+08:00","message":"[Gateway] 执行健康检查"}
{"level":"info","time":"2026-04-16T17:04:51+08:00","message":"[Gateway] 执行健康检查"}
{"level":"info","time":"2026-04-16T17:05:21+08:00","message":"[Gateway] 执行健康检查"}
{"level":"info","time":"2026-04-16T17:05:51+08:00","message":"[Gateway] 执行健康检查"}
{"level":"info","time":"2026-04-16T17:06:21+08:00","message":"[Gateway] 执行健康检查"}
{"level":"info","time":"2026-04-16T17:06:51+08:00","message":"[Gateway] 执行健康检查"}
{"level":"info","time":"2026-04-16T17:07:21+08:00","message":"[Gateway] 执行健康检查"}
{"level":"info","time":"2026-04-16T17:07:51+08:00","message":"[Gateway] 执行健康检查"}
{"level":"info","time":"2026-04-16T17:08:21+08:00","message":"[Gateway] 执行健康检查"}
{"level":"info","time":"2026-04-16T17:08:51+08:00","message":"[Gateway] 执行健康检查"}
{"level":"info","time":"2026-04-16T17:09:21+08:00","message":"[Gateway] 执行健康检查"}
{"level":"info","time":"2026-04-16T17:09:51+08:00","message":"[Gateway] 执行健康检查"}
{"level":"info","time":"2026-04-16T17:10:21+08:00","message":"[Gateway] 执行健康检查"}
{"level":"info","time":"2026-04-16T17:10:51+08:00","message":"[Gateway] 执行健康检查"}
{"level":"info","time":"2026-04-16T17:11:21+08:00","message":"[Gateway] 执行健康检查"}
{"level":"info","time":"2026-04-16T17:11:51+08:00","message":"[Gateway] 执行健康检查"}
{"level":"info","time":"2026-04-16T17:12:21+08:00","message":"[Gateway] 执行健康检查"}
{"level":"info","time":"2026-04-16T17:12:51+08:00","message":"[Gateway] 执行健康检查"}
{"level":"info","time":"2026-04-16T17:13:21+08:00","message":"[Gateway] 执行健康检查"}
{"level":"info","time":"2026-04-16T17:13:51+08:00","message":"[Gateway] 执行健康检查"}
{"level":"info","time":"2026-04-16T17:14:21+08:00","message":"[Gateway] 执行健康检查"}
{"level":"info","time":"2026-04-16T17:14:51+08:00","message":"[Gateway] 执行健康检查"}
{"level":"info","time":"2026-04-16T17:15:21+08:00","message":"[Gateway] 执行健康检查"}
{"level":"info","time":"2026-04-16T17:15:51+08:00","message":"[Gateway] 执行健康检查"}
{"level":"info","time":"2026-04-16T17:16:21+08:00","message":"[Gateway] 执行健康检查"}
{"level":"info","time":"2026-04-16T17:16:51+08:00","message":"[Gateway] 执行健康检查"}
{"level":"info","time":"2026-04-16T17:17:21+08:00","message":"[Gateway] 执行健康检查"}
{"level":"info","time":"2026-04-16T17:17:51+08:00","message":"[Gateway] 执行健康检查"}
{"level":"info","time":"2026-04-16T17:18:21+08:00","message":"[Gateway] 执行健康检查"}
{"level":"info","time":"2026-04-16T17:18:51+08:00","message":"[Gateway] 执行健康检查"}
{"level":"info","time":"2026-04-16T17:19:21+08:00","message":"[Gateway] 执行健康检查"}
{"level":"info","time":"2026-04-16T17:19:51+08:00","message":"[Gateway] 执行健康检查"}
{"level":"info","time":"2026-04-16T17:20:21+08:00","message":"[Gateway] 执行健康检查"}
{"level":"info","time":"2026-04-16T17:20:51+08:00","message":"[Gateway] 执行健康检查"}
{"level":"info","time":"2026-04-16T17:21:21+08:00","message":"[Gateway] 执行健康检查"}
{"level":"info","time":"2026-04-16T17:21:51+08:00","message":"[Gateway] 执行健康检查"}
{"level":"info","time":"2026-04-16T17:22:21+08:00","message":"[Gateway] 执行健康检查"}
{"level":"info","time":"2026-04-16T17:22:51+08:00","message":"[Gateway] 执行健康检查"}
{"level":"info","time":"2026-04-16T17:23:21+08:00","message":"[Gateway] 执行健康检查"}
{"level":"info","time":"2026-04-16T17:23:51+08:00","message":"[Gateway] 执行健康检查"}
{"level":"info","time":"2026-04-16T17:24:21+08:00","message":"[Gateway] 执行健康检查"}
{"level":"info","time":"2026-04-16T17:24:51+08:00","message":"[Gateway] 执行健康检查"}
{"level":"info","time":"2026-04-16T17:25:21+08:00","message":"[Gateway] 执行健康检查"}
{"level":"info","time":"2026-04-16T17:25:51+08:00","message":"[Gateway] 执行健康检查"}
{"level":"info","time":"2026-04-16T17:26:21+08:00","message":"[Gateway] 执行健康检查"}
{"level":"info","time":"2026-04-16T17:26:51+08:00","message":"[Gateway] 执行健康检查"}
{"level":"info","time":"2026-04-16T17:27:21+08:00","message":"[Gateway] 执行健康检查"}
{"level":"info","time":"2026-04-16T17:27:51+08:00","message":"[Gateway] 执行健康检查"}
{"level":"info","time":"2026-04-16T17:28:21+08:00","message":"[Gateway] 执行健康检查"}
{"level":"info","time":"2026-04-16T17:28:51+08:00","message":"[Gateway] 执行健康检查"}
{"level":"info","time":"2026-04-16T17:29:21+08:00","message":"[Gateway] 执行健康检查"}
{"level":"info","time":"2026-04-16T17:29:51+08:00","message":"[Gateway] 执行健康检查"}
{"level":"info","time":"2026-04-16T17:30:21+08:00","message":"[Gateway] 执行健康检查"}
{"level":"info","time":"2026-04-16T17:30:51+08:00","message":"[Gateway] 执行健康检查"}
{"level":"info","time":"2026-04-16T17:31:21+08:00","message":"[Gateway] 执行健康检查"}
{"level":"info","time":"2026-04-16T17:31:51+08:00","message":"[Gateway] 执行健康检查"}
{"level":"info","time":"2026-04-16T17:32:21+08:00","message":"[Gateway] 执行健康检查"}
{"level":"info","time":"2026-04-16T17:32:51+08:00","message":"[Gateway] 执行健康检查"}
{"level":"info","time":"2026-04-16T17:33:21+08:00","message":"[Gateway] 执行健康检查"}
{"level":"info","time":"2026-04-16T17:33:51+08:00","message":"[Gateway] 执行健康检查"}
{"level":"info","time":"2026-04-16T17:34:21+08:00","message":"[Gateway] 执行健康检查"}
{"level":"info","time":"2026-04-16T17:34:51+08:00","message":"[Gateway] 执行健康检查"}
{"level":"info","time":"2026-04-16T17:35:21+08:00","message":"[Gateway] 执行健康检查"}
{"level":"info","time":"2026-04-16T17:35:51+08:00","message":"[Gateway] 执行健康检查"}
{"level":"info","time":"2026-04-16T17:36:21+08:00","message":"[Gateway] 执行健康检查"}
{"level":"info","time":"2026-04-16T17:36:51+08:00","message":"[Gateway] 执行健康检查"}
{"level":"info","time":"2026-04-16T17:37:21+08:00","message":"[Gateway] 执行健康检查"}
{"level":"info","time":"2026-04-16T17:37:51+08:00","message":"[Gateway] 执行健康检查"}
{"level":"info","time":"2026-04-16T17:38:21+08:00","message":"[Gateway] 执行健康检查"}
{"level":"info","time":"2026-04-16T17:38:51+08:00","message":"[Gateway] 执行健康检查"}
{"level":"info","time":"2026-04-16T17:39:21+08:00","message":"[Gateway] 执行健康检查"}
{"level":"info","time":"2026-04-16T17:39:51+08:00","message":"[Gateway] 执行健康检查"}
{"level":"info","time":"2026-04-16T17:40:21+08:00","message":"[Gateway] 执行健康检查"}
{"level":"info","time":"2026-04-16T17:40:51+08:00","message":"[Gateway] 执行健康检查"}
{"level":"info","time":"2026-04-16T17:41:21+08:00","message":"[Gateway] 执行健康检查"}
{"level":"info","time":"2026-04-16T17:41:51+08:00","message":"[Gateway] 执行健康检查"}
{"level":"info","time":"2026-04-16T17:42:21+08:00","message":"[Gateway] 执行健康检查"}
{"level":"info","time":"2026-04-16T17:42:51+08:00","message":"[Gateway] 执行健康检查"}
{"level":"info","time":"2026-04-16T17:43:21+08:00","message":"[Gateway] 执行健康检查"}
{"level":"info","time":"2026-04-16T17:43:51+08:00","message":"[Gateway] 执行健康检查"}
{"level":"info","time":"2026-04-16T17:44:21+08:00","message":"[Gateway] 执行健康检查"}
{"level":"info","time":"2026-04-16T17:44:51+08:00","message":"[Gateway] 执行健康检查"}
{"level":"info","time":"2026-04-16T17:45:21+08:00","message":"[Gateway] 执行健康检查"}
{"level":"info","time":"2026-04-16T17:45:51+08:00","message":"[Gateway] 执行健康检查"}
{"level":"info","time":"2026-04-16T17:46:21+08:00","message":"[Gateway] 执行健康检查"}
{"level":"info","time":"2026-04-16T17:46:51+08:00","message":"[Gateway] 执行健康检查"}
{"level":"info","time":"2026-04-16T17:47:21+08:00","message":"[Gateway] 执行健康检查"}
{"level":"info","time":"2026-04-16T17:47:51+08:00","message":"[Gateway] 执行健康检查"}
{"level":"info","time":"2026-04-16T17:48:21+08:00","message":"[Gateway] 执行健康检查"}
{"level":"info","time":"2026-04-16T17:48:51+08:00","message":"[Gateway] 执行健康检查"}
{"level":"info","time":"2026-04-16T17:49:21+08:00","message":"[Gateway] 执行健康检查"}
{"level":"info","time":"2026-04-16T17:49:51+08:00","message":"[Gateway] 执行健康检查"}
{"level":"info","time":"2026-04-16T17:50:21+08:00","message":"[Gateway] 执行健康检查"}
{"level":"info","time":"2026-04-16T17:50:51+08:00","message":"[Gateway] 执行健康检查"}
{"level":"info","time":"2026-04-16T17:51:21+08:00","message":"[Gateway] 执行健康检查"}
{"level":"info","time":"2026-04-16T17:51:51+08:00","message":"[Gateway] 执行健康检查"}
{"level":"info","time":"2026-04-16T17:52:21+08:00","message":"[Gateway] 执行健康检查"}
{"level":"info","time":"2026-04-16T17:52:51+08:00","message":"[Gateway] 执行健康检查"}
{"level":"info","time":"2026-04-16T17:53:21+08:00","message":"[Gateway] 执行健康检查"}
{"level":"info","time":"2026-04-16T17:53:51+08:00","message":"[Gateway] 执行健康检查"}
{"level":"info","time":"2026-04-16T17:54:21+08:00","message":"[Gateway] 执行健康检查"}
{"level":"info","time":"2026-04-16T17:54:51+08:00","message":"[Gateway] 执行健康检查"}
{"level":"info","time":"2026-04-16T17:55:21+08:00","message":"[Gateway] 执行健康检查"}
{"level":"info","time":"2026-04-16T17:55:51+08:00","message":"[Gateway] 执行健康检查"}
{"level":"info","time":"2026-04-16T17:56:21+08:00","message":"[Gateway] 执行健康检查"}
{"level":"info","time":"2026-04-16T17:56:51+08:00","message":"[Gateway] 执行健康检查"}
{"level":"info","time":"2026-04-16T17:57:21+08:00","message":"[Gateway] 执行健康检查"}
{"level":"info","time":"2026-04-16T17:57:51+08:00","message":"[Gateway] 执行健康检查"}
{"level":"info","time":"2026-04-16T17:58:21+08:00","message":"[Gateway] 执行健康检查"}
{"level":"info","time":"2026-04-16T17:58:51+08:00","message":"[Gateway] 执行健康检查"}
{"level":"info","time":"2026-04-16T17:59:21+08:00","message":"[Gateway] 执行健康检查"}
{"level":"info","time":"2026-04-16T17:59:51+08:00","message":"[Gateway] 执行健康检查"}
{"level":"info","time":"2026-04-16T18:00:21+08:00","message":"[Gateway] 执行健康检查"}
{"level":"info","time":"2026-04-16T18:00:51+08:00","message":"[Gateway] 执行健康检查"}
{"level":"info","time":"2026-04-16T18:01:21+08:00","message":"[Gateway] 执行健康检查"}
{"level":"info","time":"2026-04-16T18:01:51+08:00","message":"[Gateway] 执行健康检查"}
{"level":"info","time":"2026-04-16T18:02:21+08:00","message":"[Gateway] 执行健康检查"}
{"level":"info","time":"2026-04-16T18:02:51+08:00","message":"[Gateway] 执行健康检查"}
{"level":"info","time":"2026-04-16T18:03:21+08:00","message":"[Gateway] 执行健康检查"}
{"level":"info","time":"2026-04-16T18:03:51+08:00","message":"[Gateway] 执行健康检查"}
{"level":"info","time":"2026-04-16T18:04:21+08:00","message":"[Gateway] 执行健康检查"}
{"level":"info","time":"2026-04-16T18:04:51+08:00","message":"[Gateway] 执行健康检查"}
{"level":"info","time":"2026-04-16T18:05:21+08:00","message":"[Gateway] 执行健康检查"}
{"level":"info","time":"2026-04-16T18:05:51+08:00","message":"[Gateway] 执行健康检查"}
{"level":"info","time":"2026-04-16T18:06:21+08:00","message":"[Gateway] 执行健康检查"}
{"level":"info","time":"2026-04-16T18:06:51+08:00","message":"[Gateway] 执行健康检查"}
{"level":"info","time":"2026-04-16T18:07:21+08:00","message":"[Gateway] 执行健康检查"}
{"level":"info","time":"2026-04-16T18:07:51+08:00","message":"[Gateway] 执行健康检查"}
{"level":"info","time":"2026-04-16T18:08:21+08:00","message":"[Gateway] 执行健康检查"}
{"level":"info","time":"2026-04-16T18:08:51+08:00","message":"[Gateway] 执行健康检查"}
{"level":"info","time":"2026-04-16T18:09:21+08:00","message":"[Gateway] 执行健康检查"}
{"level":"info","time":"2026-04-16T18:09:51+08:00","message":"[Gateway] 执行健康检查"}
{"level":"info","time":"2026-04-16T18:10:21+08:00","message":"[Gateway] 执行健康检查"}
{"level":"info","time":"2026-04-16T18:10:51+08:00","message":"[Gateway] 执行健康检查"}
{"level":"info","time":"2026-04-16T18:11:21+08:00","message":"[Gateway] 执行健康检查"}
{"level":"info","time":"2026-04-16T18:11:51+08:00","message":"[Gateway] 执行健康检查"}
{"level":"info","time":"2026-04-16T18:12:21+08:00","message":"[Gateway] 执行健康检查"}
{"level":"info","time":"2026-04-16T18:12:51+08:00","message":"[Gateway] 执行健康检查"}
{"level":"info","time":"2026-04-16T18:13:21+08:00","message":"[Gateway] 执行健康检查"}
{"level":"info","time":"2026-04-16T18:13:51+08:00","message":"[Gateway] 执行健康检查"}
{"level":"info","time":"2026-04-16T18:14:21+08:00","message":"[Gateway] 执行健康检查"}
{"level":"info","time":"2026-04-16T18:14:51+08:00","message":"[Gateway] 执行健康检查"}
{"level":"info","time":"2026-04-16T18:15:21+08:00","message":"[Gateway] 执行健康检查"}
{"level":"info","time":"2026-04-16T18:15:51+08:00","message":"[Gateway] 执行健康检查"}
{"level":"info","time":"2026-04-16T18:16:21+08:00","message":"[Gateway] 执行健康检查"}
{"level":"info","time":"2026-04-16T18:16:51+08:00","message":"[Gateway] 执行健康检查"}
{"level":"info","time":"2026-04-16T18:17:21+08:00","message":"[Gateway] 执行健康检查"}
{"level":"info","time":"2026-04-16T18:17:51+08:00","message":"[Gateway] 执行健康检查"}
{"level":"info","time":"2026-04-16T18:18:21+08:00","message":"[Gateway] 执行健康检查"}
{"level":"info","time":"2026-04-16T18:18:51+08:00","message":"[Gateway] 执行健康检查"}
{"level":"info","time":"2026-04-16T18:19:21+08:00","message":"[Gateway] 执行健康检查"}
{"level":"info","time":"2026-04-16T18:19:51+08:00","message":"[Gateway] 执行健康检查"}
{"level":"info","time":"2026-04-16T18:20:21+08:00","message":"[Gateway] 执行健康检查"}
{"level":"info","time":"2026-04-16T18:20:51+08:00","message":"[Gateway] 执行健康检查"}
{"level":"info","time":"2026-04-16T18:21:21+08:00","message":"[Gateway] 执行健康检查"}
{"level":"info","time":"2026-04-16T18:21:51+08:00","message":"[Gateway] 执行健康检查"}
{"level":"info","time":"2026-04-16T18:22:21+08:00","message":"[Gateway] 执行健康检查"}
{"level":"info","time":"2026-04-16T18:22:51+08:00","message":"[Gateway] 执行健康检查"}
{"level":"info","time":"2026-04-16T18:23:21+08:00","message":"[Gateway] 执行健康检查"}
{"level":"info","time":"2026-04-16T18:23:51+08:00","message":"[Gateway] 执行健康检查"}
{"level":"info","time":"2026-04-16T18:24:21+08:00","message":"[Gateway] 执行健康检查"}
{"level":"info","time":"2026-04-16T18:24:51+08:00","message":"[Gateway] 执行健康检查"}
{"level":"info","time":"2026-04-16T18:25:21+08:00","message":"[Gateway] 执行健康检查"}
{"level":"info","time":"2026-04-16T18:25:51+08:00","message":"[Gateway] 执行健康检查"}
{"level":"info","time":"2026-04-16T18:26:21+08:00","message":"[Gateway] 执行健康检查"}
{"level":"info","time":"2026-04-16T18:26:51+08:00","message":"[Gateway] 执行健康检查"}
{"level":"info","time":"2026-04-16T18:27:21+08:00","message":"[Gateway] 执行健康检查"}
{"level":"info","time":"2026-04-16T18:27:51+08:00","message":"[Gateway] 执行健康检查"}
{"level":"info","time":"2026-04-16T18:28:21+08:00","message":"[Gateway] 执行健康检查"}
{"level":"info","time":"2026-04-16T18:28:51+08:00","message":"[Gateway] 执行健康检查"}
{"level":"info","time":"2026-04-16T18:29:21+08:00","message":"[Gateway] 执行健康检查"}
{"level":"info","time":"2026-04-16T18:29:51+08:00","message":"[Gateway] 执行健康检查"}
{"level":"info","time":"2026-04-16T18:30:21+08:00","message":"[Gateway] 执行健康检查"}
{"level":"info","time":"2026-04-16T18:30:51+08:00","message":"[Gateway] 执行健康检查"}
{"level":"info","time":"2026-04-16T18:31:21+08:00","message":"[Gateway] 执行健康检查"}
{"level":"info","time":"2026-04-16T18:31:51+08:00","message":"[Gateway] 执行健康检查"}
{"level":"info","time":"2026-04-16T18:32:21+08:00","message":"[Gateway] 执行健康检查"}
{"level":"info","time":"2026-04-16T18:32:51+08:00","message":"[Gateway] 执行健康检查"}
{"level":"info","time":"2026-04-16T18:33:21+08:00","message":"[Gateway] 执行健康检查"}
{"level":"info","time":"2026-04-16T18:33:51+08:00","message":"[Gateway] 执行健康检查"}
{"level":"info","time":"2026-04-16T18:34:21+08:00","message":"[Gateway] 执行健康检查"}
{"level":"info","time":"2026-04-16T18:34:51+08:00","message":"[Gateway] 执行健康检查"}
{"level":"info","time":"2026-04-16T18:35:21+08:00","message":"[Gateway] 执行健康检查"}
{"level":"info","time":"2026-04-16T18:35:51+08:00","message":"[Gateway] 执行健康检查"}
{"level":"info","time":"2026-04-16T18:36:21+08:00","message":"[Gateway] 执行健康检查"}
{"level":"info","time":"2026-04-16T18:36:51+08:00","message":"[Gateway] 执行健康检查"}
{"level":"info","time":"2026-04-16T18:37:21+08:00","message":"[Gateway] 执行健康检查"}
{"level":"info","time":"2026-04-16T18:37:51+08:00","message":"[Gateway] 执行健康检查"}
{"level":"info","time":"2026-04-16T18:38:21+08:00","message":"[Gateway] 执行健康检查"}
{"level":"info","time":"2026-04-16T18:38:51+08:00","message":"[Gateway] 执行健康检查"}
{"level":"info","time":"2026-04-16T18:39:21+08:00","message":"[Gateway] 执行健康检查"}
{"level":"info","time":"2026-04-16T18:39:51+08:00","message":"[Gateway] 执行健康检查"}
{"level":"info","time":"2026-04-16T18:40:21+08:00","message":"[Gateway] 执行健康检查"}
{"level":"info","time":"2026-04-16T18:40:51+08:00","message":"[Gateway] 执行健康检查"}
{"level":"info","time":"2026-04-16T18:41:21+08:00","message":"[Gateway] 执行健康检查"}
{"level":"info","time":"2026-04-16T18:41:51+08:00","message":"[Gateway] 执行健康检查"}
{"level":"info","time":"2026-04-16T18:42:21+08:00","message":"[Gateway] 执行健康检查"}
{"level":"info","time":"2026-04-16T18:42:51+08:00","message":"[Gateway] 执行健康检查"}
{"level":"info","time":"2026-04-16T18:43:21+08:00","message":"[Gateway] 执行健康检查"}
{"level":"info","time":"2026-04-16T18:43:51+08:00","message":"[Gateway] 执行健康检查"}
{"level":"info","time":"2026-04-16T18:44:21+08:00","message":"[Gateway] 执行健康检查"}
{"level":"info","time":"2026-04-16T18:44:51+08:00","message":"[Gateway] 执行健康检查"}
{"level":"info","time":"2026-04-16T18:45:21+08:00","message":"[Gateway] 执行健康检查"}
{"level":"info","time":"2026-04-16T18:45:51+08:00","message":"[Gateway] 执行健康检查"}
{"level":"info","time":"2026-04-16T18:46:21+08:00","message":"[Gateway] 执行健康检查"}
{"level":"info","time":"2026-04-16T18:46:51+08:00","message":"[Gateway] 执行健康检查"}
{"level":"info","time":"2026-04-16T18:47:21+08:00","message":"[Gateway] 执行健康检查"}
{"level":"info","time":"2026-04-16T18:47:51+08:00","message":"[Gateway] 执行健康检查"}
{"level":"info","time":"2026-04-16T18:48:21+08:00","message":"[Gateway] 执行健康检查"}
{"level":"info","time":"2026-04-16T18:48:51+08:00","message":"[Gateway] 执行健康检查"}
{"level":"info","time":"2026-04-16T18:49:21+08:00","message":"[Gateway] 执行健康检查"}
{"level":"info","time":"2026-04-16T18:49:51+08:00","message":"[Gateway] 执行健康检查"}
{"level":"info","time":"2026-04-16T18:50:21+08:00","message":"[Gateway] 执行健康检查"}
{"level":"info","time":"2026-04-16T18:50:51+08:00","message":"[Gateway] 执行健康检查"}
{"level":"info","time":"2026-04-16T18:51:21+08:00","message":"[Gateway] 执行健康检查"}
{"level":"info","time":"2026-04-16T18:51:51+08:00","message":"[Gateway] 执行健康检查"}
{"level":"info","time":"2026-04-16T18:52:21+08:00","message":"[Gateway] 执行健康检查"}
{"level":"info","time":"2026-04-16T18:52:51+08:00","message":"[Gateway] 执行健康检查"}
{"level":"info","time":"2026-04-16T18:53:21+08:00","message":"[Gateway] 执行健康检查"}
{"level":"info","time":"2026-04-16T18:53:51+08:00","message":"[Gateway] 执行健康检查"}
{"level":"info","time":"2026-04-16T18:54:21+08:00","message":"[Gateway] 执行健康检查"}
{"level":"info","time":"2026-04-16T18:54:51+08:00","message":"[Gateway] 执行健康检查"}
{"level":"info","time":"2026-04-16T18:55:21+08:00","message":"[Gateway] 执行健康检查"}
{"level":"info","time":"2026-04-16T18:55:51+08:00","message":"[Gateway] 执行健康检查"}
{"level":"info","time":"2026-04-16T18:56:21+08:00","message":"[Gateway] 执行健康检查"}
{"level":"info","time":"2026-04-16T18:56:51+08:00","message":"[Gateway] 执行健康检查"}
{"level":"info","time":"2026-04-16T18:57:21+08:00","message":"[Gateway] 执行健康检查"}
{"level":"info","time":"2026-04-16T18:57:51+08:00","message":"[Gateway] 执行健康检查"}
{"level":"info","time":"2026-04-16T18:58:21+08:00","message":"[Gateway] 执行健康检查"}
{"level":"info","time":"2026-04-16T18:58:51+08:00","message":"[Gateway] 执行健康检查"}
{"level":"info","time":"2026-04-16T18:59:21+08:00","message":"[Gateway] 执行健康检查"}
{"level":"info","time":"2026-04-16T18:59:51+08:00","message":"[Gateway] 执行健康检查"}
{"level":"info","time":"2026-04-16T19:00:21+08:00","message":"[Gateway] 执行健康检查"}
{"level":"info","time":"2026-04-16T19:00:51+08:00","message":"[Gateway] 执行健康检查"}
{"level":"info","time":"2026-04-16T19:01:21+08:00","message":"[Gateway] 执行健康检查"}
{"level":"info","time":"2026-04-16T19:01:51+08:00","message":"[Gateway] 执行健康检查"}
{"level":"debug","time":"2026-04-17T18:11:06+08:00","caller":"C:/Users/93986/GolandProjects/brambleclaw/cli/cli.go:205","message":"加载系统配置..."}
{"level":"debug","time":"2026-04-17T18:11:06+08:00","caller":"C:/Users/93986/GolandProjects/brambleclaw/config/config.go:88","message":"显示加载"}
{"level":"debug","time":"2026-04-17T18:11:06+08:00","caller":"C:/Users/93986/GolandProjects/brambleclaw/config/config.go:99","message":"环境变量加载"}
{"level":"debug","path":"C:\\Users\\93986\\GolandProjects\\brambleclaw\\config\\config.json","time":"2026-04-17T18:11:06+08:00","caller":"C:/Users/93986/GolandProjects/brambleclaw/config/config.go:102","message":"从环境变量加载配置成功"}
{"level":"debug","config_path":"C:\\Users\\93986\\GolandProjects\\brambleclaw\\config\\config.json","time":"2026-04-17T18:11:06+08:00","caller":"C:/Users/93986/GolandProjects/brambleclaw/cli/cli.go:217","message":"成功加载配置文件"}
{"level":"debug","time":"2026-04-17T18:11:06+08:00","caller":"C:/Users/93986/GolandProjects/brambleclaw/cli/cli.go:223","message":"初始化消息总线..."}
{"level":"debug","time":"2026-04-17T18:11:06+08:00","caller":"C:/Users/93986/GolandProjects/brambleclaw/cli/cli.go:227","message":"初始化通道管理器..."}
{"level":"debug","time":"2026-04-17T18:11:06+08:00","caller":"C:/Users/93986/GolandProjects/brambleclaw/cli/cli.go:231","message":"初始化 CLI 通道..."}
{"level":"debug","channel":"cli","time":"2026-04-17T18:11:06+08:00","caller":"C:/Users/93986/GolandProjects/brambleclaw/channel/manager.go:36","message":"channel registered"}
{"level":"debug","time":"2026-04-17T18:11:06+08:00","caller":"C:/Users/93986/GolandProjects/brambleclaw/cli/cli.go:240","message":"加载 Gateway 配置..."}
{"level":"debug","time":"2026-04-17T18:11:06+08:00","caller":"C:/Users/93986/GolandProjects/brambleclaw/cli/cli.go:247","message":"初始化 Gateway..."}
{"level":"debug","time":"2026-04-17T18:11:06+08:00","caller":"C:/Users/93986/GolandProjects/brambleclaw/cli/cli.go:251","message":"[runAgent] 恢复 Agent 并重新注册..."}
{"level":"info","time":"2026-04-17T18:11:06+08:00","message":"Starting agent"}
{"level":"info","time":"2026-04-17T18:11:06+08:00","message":"Starting agent"}
{"level":"debug","time":"2026-04-17T18:11:06+08:00","caller":"C:/Users/93986/GolandProjects/brambleclaw/cli/cli.go:264","message":"启动 Gateway 和 Channel..."}
{"level":"info","time":"2026-04-17T18:11:06+08:00","message":"[Gateway] 已启动"}
{"level":"debug","time":"2026-04-17T18:11:06+08:00","caller":"C:/Users/93986/GolandProjects/brambleclaw/gateway/gateway.go:144","message":"[Gateway] 消息处理循环启动"}
{"level":"debug","time":"2026-04-17T18:11:06+08:00","caller":"C:/Users/93986/GolandProjects/brambleclaw/gateway/gateway.go:234","message":"[Gateway] 订阅分发启动"}
{"level":"debug","time":"2026-04-17T18:11:06+08:00","caller":"C:/Users/93986/GolandProjects/brambleclaw/gateway/gateway.go:237","message":"[Gateway] 响应分发启动"}
{"level":"debug","Message received":"你好","time":"2026-04-17T18:11:12+08:00","caller":"C:/Users/93986/GolandProjects/brambleclaw/bus/queue.go:130"}
{"level":"error","error":"路由解析失败: 默认Agent不存在(name=main)","time":"2026-04-17T18:11:12+08:00","caller":"C:/Users/93986/GolandProjects/brambleclaw/gateway/gateway.go:164","message":"[Gateway] 处理消息失败"}
{"level":"debug","time":"2026-04-17T18:11:23+08:00","caller":"C:/Users/93986/GolandProjects/brambleclaw/bus/queue.go:133","message":"Context cancelled"}
{"level":"info","time":"2026-04-17T18:11:23+08:00","message":"[Gateway] 已正常停止"}
{"level":"debug","time":"2026-04-17T18:11:33+08:00","caller":"C:/Users/93986/GolandProjects/brambleclaw/cli/cli.go:182","message":"加载配置并初始化日志分析器..."}
{"level":"debug","time":"2026-04-17T18:11:33+08:00","caller":"C:/Users/93986/GolandProjects/brambleclaw/config/config.go:88","message":"显示加载"}
{"level":"debug","time":"2026-04-17T18:11:33+08:00","caller":"C:/Users/93986/GolandProjects/brambleclaw/config/config.go:99","message":"环境变量加载"}
{"level":"debug","path":"C:\\Users\\93986\\GolandProjects\\brambleclaw\\config\\config.json","time":"2026-04-17T18:11:33+08:00","caller":"C:/Users/93986/GolandProjects/brambleclaw/config/config.go:102","message":"从环境变量加载配置成功"}
{"level":"debug","log_path":"logs/brambleclaw.log","lines":100,"time":"2026-04-17T18:11:33+08:00","caller":"C:/Users/93986/GolandProjects/brambleclaw/cli/cli.go:195","message":"开始格式化输出日志"}
{"level":"debug","log_path":"logs/brambleclaw.log","lines":100,"time":"2026-04-17T18:11:33+08:00","caller":"C:/Users/93986/GolandProjects/brambleclaw/logger/analyzer.go:14","message":"开始读取和分析日志"}
{"level":"debug","time":"2026-04-17T18:15:03+08:00","caller":"C:/Users/93986/GolandProjects/brambleclaw/cli/cli.go:182","message":"加载配置并初始化日志分析器..."}
{"level":"debug","time":"2026-04-17T18:15:03+08:00","caller":"C:/Users/93986/GolandProjects/brambleclaw/config/config.go:88","message":"显示加载"}
{"level":"debug","time":"2026-04-17T18:15:03+08:00","caller":"C:/Users/93986/GolandProjects/brambleclaw/config/config.go:99","message":"环境变量加载"}
{"level":"debug","path":"C:\\Users\\93986\\GolandProjects\\brambleclaw\\config\\config.json","time":"2026-04-17T18:15:03+08:00","caller":"C:/Users/93986/GolandProjects/brambleclaw/config/config.go:102","message":"从环境变量加载配置成功"}
{"level":"debug","log_path":"logs/brambleclaw.log","lines":100,"time":"2026-04-17T18:15:03+08:00","caller":"C:/Users/93986/GolandProjects/brambleclaw/cli/cli.go:195","message":"开始格式化输出日志"}
{"level":"debug","log_path":"logs/brambleclaw.log","lines":100,"time":"2026-04-17T18:15:03+08:00","caller":"C:/Users/93986/GolandProjects/brambleclaw/logger/analyzer.go:14","message":"开始读取和分析日志"}
{"level":"debug","time":"2026-04-17T18:15:08+08:00","caller":"C:/Users/93986/GolandProjects/brambleclaw/cli/cli.go:205","message":"加载系统配置..."}
{"level":"debug","time":"2026-04-17T18:15:08+08:00","caller":"C:/Users/93986/GolandProjects/brambleclaw/config/config.go:88","message":"显示加载"}
{"level":"debug","time":"2026-04-17T18:15:08+08:00","caller":"C:/Users/93986/GolandProjects/brambleclaw/config/config.go:99","message":"环境变量加载"}
{"level":"debug","path":"C:\\Users\\93986\\GolandProjects\\brambleclaw\\config\\config.json","time":"2026-04-17T18:15:08+08:00","caller":"C:/Users/93986/GolandProjects/brambleclaw/config/config.go:102","message":"从环境变量加载配置成功"}
{"level":"debug","config_path":"C:\\Users\\93986\\GolandProjects\\brambleclaw\\config\\config.json","time":"2026-04-17T18:15:08+08:00","caller":"C:/Users/93986/GolandProjects/brambleclaw/cli/cli.go:217","message":"成功加载配置文件"}
{"level":"debug","time":"2026-04-17T18:15:08+08:00","caller":"C:/Users/93986/GolandProjects/brambleclaw/cli/cli.go:223","message":"初始化消息总线..."}
{"level":"debug","time":"2026-04-17T18:15:08+08:00","caller":"C:/Users/93986/GolandProjects/brambleclaw/cli/cli.go:227","message":"初始化通道管理器..."}
{"level":"debug","time":"2026-04-17T18:15:08+08:00","caller":"C:/Users/93986/GolandProjects/brambleclaw/cli/cli.go:231","message":"初始化 CLI 通道..."}
{"level":"debug","channel":"cli","time":"2026-04-17T18:15:08+08:00","caller":"C:/Users/93986/GolandProjects/brambleclaw/channel/manager.go:36","message":"channel registered"}
{"level":"debug","time":"2026-04-17T18:15:08+08:00","caller":"C:/Users/93986/GolandProjects/brambleclaw/cli/cli.go:240","message":"加载 Gateway 配置..."}
{"level":"debug","time":"2026-04-17T18:15:08+08:00","caller":"C:/Users/93986/GolandProjects/brambleclaw/cli/cli.go:247","message":"初始化 Gateway..."}
{"level":"debug","time":"2026-04-17T18:15:08+08:00","caller":"C:/Users/93986/GolandProjects/brambleclaw/cli/cli.go:251","message":"[runAgent] 恢复 Agent 并重新注册..."}
{"level":"info","time":"2026-04-17T18:15:08+08:00","message":"Starting agent"}
{"level":"info","time":"2026-04-17T18:15:08+08:00","message":"Starting agent"}
{"level":"debug","time":"2026-04-17T18:15:08+08:00","caller":"C:/Users/93986/GolandProjects/brambleclaw/cli/cli.go:264","message":"启动 Gateway 和 Channel..."}
{"level":"info","time":"2026-04-17T18:15:08+08:00","message":"[Gateway] 已启动"}
{"level":"debug","time":"2026-04-17T18:15:08+08:00","caller":"C:/Users/93986/GolandProjects/brambleclaw/gateway/gateway.go:144","message":"[Gateway] 消息处理循环启动"}
{"level":"debug","time":"2026-04-17T18:15:08+08:00","caller":"C:/Users/93986/GolandProjects/brambleclaw/gateway/gateway.go:234","message":"[Gateway] 订阅分发启动"}
{"level":"debug","time":"2026-04-17T18:15:08+08:00","caller":"C:/Users/93986/GolandProjects/brambleclaw/gateway/gateway.go:237","message":"[Gateway] 响应分发启动"}
{"level":"debug","Message received":"nihao ","time":"2026-04-17T18:15:10+08:00","caller":"C:/Users/93986/GolandProjects/brambleclaw/bus/queue.go:130"}
{"level":"error","error":"路由解析失败: 默认Agent不存在(name=main)","time":"2026-04-17T18:15:10+08:00","caller":"C:/Users/93986/GolandProjects/brambleclaw/gateway/gateway.go:164","message":"[Gateway] 处理消息失败"}
{"level":"debug","time":"2026-04-17T18:15:17+08:00","caller":"C:/Users/93986/GolandProjects/brambleclaw/bus/queue.go:133","message":"Context cancelled"}
{"level":"info","time":"2026-04-17T18:15:17+08:00","message":"[Gateway] 已正常停止"}
{"level":"debug","time":"2026-04-17T18:15:18+08:00","caller":"C:/Users/93986/GolandProjects/brambleclaw/cli/cli.go:205","message":"加载系统配置..."}
{"level":"debug","time":"2026-04-17T18:15:18+08:00","caller":"C:/Users/93986/GolandProjects/brambleclaw/config/config.go:88","message":"显示加载"}
{"level":"debug","time":"2026-04-17T18:15:18+08:00","caller":"C:/Users/93986/GolandProjects/brambleclaw/config/config.go:99","message":"环境变量加载"}
{"level":"debug","path":"C:\\Users\\93986\\GolandProjects\\brambleclaw\\config\\config.json","time":"2026-04-17T18:15:18+08:00","caller":"C:/Users/93986/GolandProjects/brambleclaw/config/config.go:102","message":"从环境变量加载配置成功"}
{"level":"debug","config_path":"C:\\Users\\93986\\GolandProjects\\brambleclaw\\config\\config.json","time":"2026-04-17T18:15:18+08:00","caller":"C:/Users/93986/GolandProjects/brambleclaw/cli/cli.go:217","message":"成功加载配置文件"}
{"level":"debug","time":"2026-04-17T18:15:18+08:00","caller":"C:/Users/93986/GolandProjects/brambleclaw/cli/cli.go:223","message":"初始化消息总线..."}
{"level":"debug","time":"2026-04-17T18:15:18+08:00","caller":"C:/Users/93986/GolandProjects/brambleclaw/cli/cli.go:227","message":"初始化通道管理器..."}
{"level":"debug","time":"2026-04-17T18:15:18+08:00","caller":"C:/Users/93986/GolandProjects/brambleclaw/cli/cli.go:231","message":"初始化 CLI 通道..."}
{"level":"debug","channel":"cli","time":"2026-04-17T18:15:18+08:00","caller":"C:/Users/93986/GolandProjects/brambleclaw/channel/manager.go:36","message":"channel registered"}
{"level":"debug","time":"2026-04-17T18:15:18+08:00","caller":"C:/Users/93986/GolandProjects/brambleclaw/cli/cli.go:240","message":"加载 Gateway 配置..."}
{"level":"debug","time":"2026-04-17T18:15:18+08:00","caller":"C:/Users/93986/GolandProjects/brambleclaw/cli/cli.go:247","message":"初始化 Gateway..."}
{"level":"debug","time":"2026-04-17T18:15:18+08:00","caller":"C:/Users/93986/GolandProjects/brambleclaw/cli/cli.go:251","message":"[runAgent] 恢复 Agent 并重新注册..."}
{"level":"info","time":"2026-04-17T18:15:18+08:00","message":"Starting agent"}
{"level":"info","time":"2026-04-17T18:15:18+08:00","message":"Starting agent"}
{"level":"debug","time":"2026-04-17T18:15:18+08:00","caller":"C:/Users/93986/GolandProjects/brambleclaw/cli/cli.go:264","message":"启动 Gateway 和 Channel..."}
{"level":"info","time":"2026-04-17T18:15:18+08:00","message":"[Gateway] 已启动"}
{"level":"debug","time":"2026-04-17T18:15:18+08:00","caller":"C:/Users/93986/GolandProjects/brambleclaw/gateway/gateway.go:144","message":"[Gateway] 消息处理循环启动"}
{"level":"debug","time":"2026-04-17T18:15:18+08:00","caller":"C:/Users/93986/GolandProjects/brambleclaw/gateway/gateway.go:234","message":"[Gateway] 订阅分发启动"}
{"level":"debug","time":"2026-04-17T18:15:18+08:00","caller":"C:/Users/93986/GolandProjects/brambleclaw/gateway/gateway.go:237","message":"[Gateway] 响应分发启动"}
{"level":"debug","time":"2026-04-17T18:15:20+08:00","caller":"C:/Users/93986/GolandProjects/brambleclaw/bus/queue.go:133","message":"Context cancelled"}
{"level":"info","time":"2026-04-17T18:15:20+08:00","message":"[Gateway] 已正常停止"}
{"level":"debug","time":"2026-04-17T18:15:24+08:00","caller":"C:/Users/93986/GolandProjects/brambleclaw/cli/cli.go:182","message":"加载配置并初始化日志分析器..."}
{"level":"debug","time":"2026-04-17T18:15:24+08:00","caller":"C:/Users/93986/GolandProjects/brambleclaw/config/config.go:88","message":"显示加载"}
{"level":"debug","time":"2026-04-17T18:15:24+08:00","caller":"C:/Users/93986/GolandProjects/brambleclaw/config/config.go:99","message":"环境变量加载"}
{"level":"debug","path":"C:\\Users\\93986\\GolandProjects\\brambleclaw\\config\\config.json","time":"2026-04-17T18:15:24+08:00","caller":"C:/Users/93986/GolandProjects/brambleclaw/config/config.go:102","message":"从环境变量加载配置成功"}
{"level":"debug","log_path":"logs/brambleclaw.log","lines":100,"time":"2026-04-17T18:15:24+08:00","caller":"C:/Users/93986/GolandProjects/brambleclaw/cli/cli.go:195","message":"开始格式化输出日志"}
{"level":"debug","log_path":"logs/brambleclaw.log","lines":100,"time":"2026-04-17T18:15:24+08:00","caller":"C:/Users/93986/GolandProjects/brambleclaw/logger/analyzer.go:14","message":"开始读取和分析日志"}
{"level":"debug","time":"2026-04-17T18:18:16+08:00","caller":"C:/Users/93986/GolandProjects/brambleclaw/cli/cli.go:205","message":"加载系统配置..."}
{"level":"debug","time":"2026-04-17T18:18:16+08:00","caller":"C:/Users/93986/GolandProjects/brambleclaw/config/config.go:88","message":"显示加载"}
{"level":"debug","time":"2026-04-17T18:18:16+08:00","caller":"C:/Users/93986/GolandProjects/brambleclaw/config/config.go:99","message":"环境变量加载"}
{"level":"debug","path":"C:\\Users\\93986\\GolandProjects\\brambleclaw\\config\\config.json","time":"2026-04-17T18:18:16+08:00","caller":"C:/Users/93986/GolandProjects/brambleclaw/config/config.go:102","message":"从环境变量加载配置成功"}
{"level":"debug","config_path":"C:\\Users\\93986\\GolandProjects\\brambleclaw\\config\\config.json","time":"2026-04-17T18:18:16+08:00","caller":"C:/Users/93986/GolandProjects/brambleclaw/cli/cli.go:217","message":"成功加载配置文件"}
{"level":"debug","time":"2026-04-17T18:18:16+08:00","caller":"C:/Users/93986/GolandProjects/brambleclaw/cli/cli.go:223","message":"初始化消息总线..."}
{"level":"debug","time":"2026-04-17T18:18:16+08:00","caller":"C:/Users/93986/GolandProjects/brambleclaw/cli/cli.go:227","message":"初始化通道管理器..."}
{"level":"debug","time":"2026-04-17T18:18:16+08:00","caller":"C:/Users/93986/GolandProjects/brambleclaw/cli/cli.go:231","message":"初始化 CLI 通道..."}
{"level":"debug","channel":"cli","time":"2026-04-17T18:18:16+08:00","caller":"C:/Users/93986/GolandProjects/brambleclaw/channel/manager.go:36","message":"channel registered"}
{"level":"debug","time":"2026-04-17T18:18:16+08:00","caller":"C:/Users/93986/GolandProjects/brambleclaw/cli/cli.go:240","message":"加载 Gateway 配置..."}
{"level":"debug","time":"2026-04-17T18:18:16+08:00","caller":"C:/Users/93986/GolandProjects/brambleclaw/cli/cli.go:247","message":"初始化 Gateway..."}
{"level":"debug","time":"2026-04-17T18:18:16+08:00","caller":"C:/Users/93986/GolandProjects/brambleclaw/cli/cli.go:251","message":"[runAgent] 恢复 Agent 并重新注册..."}
{"level":"debug","Agent":"main","time":"2026-04-17T18:18:16+08:00","caller":"C:/Users/93986/GolandProjects/brambleclaw/gateway/gateway.go:77","message":"register agent"}
{"level":"debug","Agent":"weixin","time":"2026-04-17T18:18:16+08:00","caller":"C:/Users/93986/GolandProjects/brambleclaw/gateway/gateway.go:77","message":"register agent"}
{"level":"info","time":"2026-04-17T18:18:16+08:00","message":"Starting agent"}
{"level":"info","time":"2026-04-17T18:18:16+08:00","message":"Starting agent"}
{"level":"debug","time":"2026-04-17T18:18:16+08:00","caller":"C:/Users/93986/GolandProjects/brambleclaw/cli/cli.go:267","message":"启动 Gateway 和 Channel..."}
{"level":"info","time":"2026-04-17T18:18:16+08:00","message":"[Gateway] 已启动"}
{"level":"debug","time":"2026-04-17T18:18:16+08:00","caller":"C:/Users/93986/GolandProjects/brambleclaw/gateway/gateway.go:238","message":"[Gateway] 订阅分发启动"}
{"level":"debug","time":"2026-04-17T18:18:16+08:00","caller":"C:/Users/93986/GolandProjects/brambleclaw/gateway/gateway.go:148","message":"[Gateway] 消息处理循环启动"}
{"level":"debug","time":"2026-04-17T18:18:16+08:00","caller":"C:/Users/93986/GolandProjects/brambleclaw/gateway/gateway.go:241","message":"[Gateway] 响应分发启动"}
{"level":"debug","Message received":"nihao ","time":"2026-04-17T18:18:17+08:00","caller":"C:/Users/93986/GolandProjects/brambleclaw/bus/queue.go:130"}
{"level":"error","error":"路由解析失败: 默认Agent不存在(name=main)","time":"2026-04-17T18:18:17+08:00","caller":"C:/Users/93986/GolandProjects/brambleclaw/gateway/gateway.go:168","message":"[Gateway] 处理消息失败"}
{"level":"debug","time":"2026-04-17T18:18:20+08:00","caller":"C:/Users/93986/GolandProjects/brambleclaw/bus/queue.go:133","message":"Context cancelled"}
{"level":"info","time":"2026-04-17T18:18:20+08:00","message":"[Gateway] 已正常停止"}
{"level":"debug","time":"2026-04-17T18:18:23+08:00","caller":"C:/Users/93986/GolandProjects/brambleclaw/cli/cli.go:182","message":"加载配置并初始化日志分析器..."}
{"level":"debug","time":"2026-04-17T18:18:23+08:00","caller":"C:/Users/93986/GolandProjects/brambleclaw/config/config.go:88","message":"显示加载"}
{"level":"debug","time":"2026-04-17T18:18:23+08:00","caller":"C:/Users/93986/GolandProjects/brambleclaw/config/config.go:99","message":"环境变量加载"}
{"level":"debug","path":"C:\\Users\\93986\\GolandProjects\\brambleclaw\\config\\config.json","time":"2026-04-17T18:18:23+08:00","caller":"C:/Users/93986/GolandProjects/brambleclaw/config/config.go:102","message":"从环境变量加载配置成功"}
{"level":"debug","log_path":"logs/brambleclaw.log","lines":100,"time":"2026-04-17T18:18:23+08:00","caller":"C:/Users/93986/GolandProjects/brambleclaw/cli/cli.go:195","message":"开始格式化输出日志"}
{"level":"debug","log_path":"logs/brambleclaw.log","lines":100,"time":"2026-04-17T18:18:23+08:00","caller":"C:/Users/93986/GolandProjects/brambleclaw/logger/analyzer.go:14","message":"开始读取和分析日志"}
{"level":"debug","time":"2026-04-17T18:30:10+08:00","caller":"C:/Users/93986/GolandProjects/brambleclaw/cli/cli.go:205","message":"加载系统配置..."}
{"level":"debug","time":"2026-04-17T18:30:11+08:00","caller":"C:/Users/93986/GolandProjects/brambleclaw/config/config.go:88","message":"显示加载"}
{"level":"debug","time":"2026-04-17T18:30:11+08:00","caller":"C:/Users/93986/GolandProjects/brambleclaw/config/config.go:99","message":"环境变量加载"}
{"level":"debug","path":"C:\\Users\\93986\\GolandProjects\\brambleclaw\\config\\config.json","time":"2026-04-17T18:30:11+08:00","caller":"C:/Users/93986/GolandProjects/brambleclaw/config/config.go:102","message":"从环境变量加载配置成功"}
{"level":"debug","config_path":"C:\\Users\\93986\\GolandProjects\\brambleclaw\\config\\config.json","time":"2026-04-17T18:30:11+08:00","caller":"C:/Users/93986/GolandProjects/brambleclaw/cli/cli.go:217","message":"成功加载配置文件"}
{"level":"debug","time":"2026-04-17T18:30:11+08:00","caller":"C:/Users/93986/GolandProjects/brambleclaw/cli/cli.go:223","message":"初始化消息总线..."}
{"level":"debug","time":"2026-04-17T18:30:11+08:00","caller":"C:/Users/93986/GolandProjects/brambleclaw/cli/cli.go:227","message":"初始化通道管理器..."}
{"level":"debug","time":"2026-04-17T18:30:11+08:00","caller":"C:/Users/93986/GolandProjects/brambleclaw/cli/cli.go:231","message":"初始化 CLI 通道..."}
{"level":"debug","channel":"cli","time":"2026-04-17T18:30:11+08:00","caller":"C:/Users/93986/GolandProjects/brambleclaw/channel/manager.go:36","message":"channel registered"}
{"level":"debug","time":"2026-04-17T18:30:11+08:00","caller":"C:/Users/93986/GolandProjects/brambleclaw/cli/cli.go:240","message":"加载 Gateway 配置..."}
{"level":"debug","time":"2026-04-17T18:30:11+08:00","caller":"C:/Users/93986/GolandProjects/brambleclaw/cli/cli.go:247","message":"初始化 Gateway..."}
{"level":"debug","time":"2026-04-17T18:30:11+08:00","caller":"C:/Users/93986/GolandProjects/brambleclaw/cli/cli.go:251","message":"[runAgent] 恢复 Agent 并重新注册..."}
{"level":"debug","Agent":"main","time":"2026-04-17T18:30:11+08:00","caller":"C:/Users/93986/GolandProjects/brambleclaw/gateway/gateway.go:77","message":"register agent"}
{"level":"debug","Agent":"weixin","time":"2026-04-17T18:30:11+08:00","caller":"C:/Users/93986/GolandProjects/brambleclaw/gateway/gateway.go:77","message":"register agent"}
{"level":"info","time":"2026-04-17T18:30:11+08:00","message":"Starting agent"}
{"level":"info","time":"2026-04-17T18:30:11+08:00","message":"Starting agent"}
{"level":"debug","time":"2026-04-17T18:30:11+08:00","caller":"C:/Users/93986/GolandProjects/brambleclaw/cli/cli.go:269","message":"启动 Gateway 和 Channel..."}
{"level":"info","time":"2026-04-17T18:30:11+08:00","message":"[Gateway] 已启动"}
{"level":"debug","time":"2026-04-17T18:30:11+08:00","caller":"C:/Users/93986/GolandProjects/brambleclaw/gateway/gateway.go:151","message":"[Gateway] 消息处理循环启动"}
{"level":"debug","time":"2026-04-17T18:30:11+08:00","caller":"C:/Users/93986/GolandProjects/brambleclaw/gateway/gateway.go:241","message":"[Gateway] 订阅分发启动"}
{"level":"debug","time":"2026-04-17T18:30:11+08:00","caller":"C:/Users/93986/GolandProjects/brambleclaw/gateway/gateway.go:244","message":"[Gateway] 响应分发启动"}
{"level":"debug","Message received":"NIHAO","time":"2026-04-17T18:30:13+08:00","caller":"C:/Users/93986/GolandProjects/brambleclaw/bus/queue.go:130"}
{"level":"error","error":"路由解析失败: 默认Agent不存在(name=main)","time":"2026-04-17T18:30:13+08:00","caller":"C:/Users/93986/GolandProjects/brambleclaw/gateway/gateway.go:171","message":"[Gateway] 处理消息失败"}
{"level":"debug","time":"2026-04-17T18:30:18+08:00","caller":"C:/Users/93986/GolandProjects/brambleclaw/bus/queue.go:133","message":"Context cancelled"}
{"level":"info","time":"2026-04-17T18:30:18+08:00","message":"[Gateway] 已正常停止"}
{"level":"debug","time":"2026-04-17T18:30:20+08:00","caller":"C:/Users/93986/GolandProjects/brambleclaw/cli/cli.go:182","message":"加载配置并初始化日志分析器..."}
{"level":"debug","time":"2026-04-17T18:30:20+08:00","caller":"C:/Users/93986/GolandProjects/brambleclaw/config/config.go:88","message":"显示加载"}
{"level":"debug","time":"2026-04-17T18:30:20+08:00","caller":"C:/Users/93986/GolandProjects/brambleclaw/config/config.go:99","message":"环境变量加载"}
{"level":"debug","path":"C:\\Users\\93986\\GolandProjects\\brambleclaw\\config\\config.json","time":"2026-04-17T18:30:20+08:00","caller":"C:/Users/93986/GolandProjects/brambleclaw/config/config.go:102","message":"从环境变量加载配置成功"}
{"level":"debug","log_path":"logs/brambleclaw.log","lines":100,"time":"2026-04-17T18:30:20+08:00","caller":"C:/Users/93986/GolandProjects/brambleclaw/cli/cli.go:195","message":"开始格式化输出日志"}
{"level":"debug","log_path":"logs/brambleclaw.log","lines":100,"time":"2026-04-17T18:30:20+08:00","caller":"C:/Users/93986/GolandProjects/brambleclaw/logger/analyzer.go:14","message":"开始读取和分析日志"}
{"level":"debug","time":"2026-04-17T18:42:35+08:00","caller":"C:/Users/93986/GolandProjects/brambleclaw/cli/cli.go:205","message":"加载系统配置..."}
{"level":"debug","time":"2026-04-17T18:42:35+08:00","caller":"C:/Users/93986/GolandProjects/brambleclaw/config/config.go:88","message":"显示加载"}
{"level":"debug","time":"2026-04-17T18:42:35+08:00","caller":"C:/Users/93986/GolandProjects/brambleclaw/config/config.go:99","message":"环境变量加载"}
{"level":"debug","path":"C:\\Users\\93986\\GolandProjects\\brambleclaw\\config\\config.json","time":"2026-04-17T18:42:35+08:00","caller":"C:/Users/93986/GolandProjects/brambleclaw/config/config.go:102","message":"从环境变量加载配置成功"}
{"level":"debug","config_path":"C:\\Users\\93986\\GolandProjects\\brambleclaw\\config\\config.json","time":"2026-04-17T18:42:35+08:00","caller":"C:/Users/93986/GolandProjects/brambleclaw/cli/cli.go:217","message":"成功加载配置文件"}
{"level":"debug","time":"2026-04-17T18:42:35+08:00","caller":"C:/Users/93986/GolandProjects/brambleclaw/cli/cli.go:223","message":"初始化消息总线..."}
{"level":"debug","time":"2026-04-17T18:42:35+08:00","caller":"C:/Users/93986/GolandProjects/brambleclaw/cli/cli.go:227","message":"初始化通道管理器..."}
{"level":"debug","time":"2026-04-17T18:42:35+08:00","caller":"C:/Users/93986/GolandProjects/brambleclaw/cli/cli.go:231","message":"初始化 CLI 通道..."}
{"level":"debug","channel":"cli","time":"2026-04-17T18:42:35+08:00","caller":"C:/Users/93986/GolandProjects/brambleclaw/channel/manager.go:36","message":"channel registered"}
{"level":"debug","time":"2026-04-17T18:42:35+08:00","caller":"C:/Users/93986/GolandProjects/brambleclaw/cli/cli.go:242","message":"加载 Gateway 配置..."}
{"level":"debug","time":"2026-04-17T18:42:35+08:00","caller":"C:/Users/93986/GolandProjects/brambleclaw/cli/cli.go:249","message":"初始化 Gateway..."}
{"level":"debug","time":"2026-04-17T18:42:35+08:00","caller":"C:/Users/93986/GolandProjects/brambleclaw/cli/cli.go:253","message":"[runAgent] 恢复 Agent 并重新注册..."}
{"level":"debug","time":"2026-04-17T18:47:32+08:00","caller":"C:/Users/93986/GolandProjects/brambleclaw/cli/cli.go:205","message":"加载系统配置..."}
{"level":"debug","time":"2026-04-17T18:47:32+08:00","caller":"C:/Users/93986/GolandProjects/brambleclaw/config/config.go:88","message":"显示加载"}
{"level":"debug","time":"2026-04-17T18:47:32+08:00","caller":"C:/Users/93986/GolandProjects/brambleclaw/config/config.go:99","message":"环境变量加载"}
{"level":"debug","path":"C:\\Users\\93986\\GolandProjects\\brambleclaw\\config\\config.json","time":"2026-04-17T18:47:32+08:00","caller":"C:/Users/93986/GolandProjects/brambleclaw/config/config.go:102","message":"从环境变量加载配置成功"}
{"level":"debug","config_path":"C:\\Users\\93986\\GolandProjects\\brambleclaw\\config\\config.json","time":"2026-04-17T18:47:32+08:00","caller":"C:/Users/93986/GolandProjects/brambleclaw/cli/cli.go:217","message":"成功加载配置文件"}
{"level":"debug","time":"2026-04-17T18:47:32+08:00","caller":"C:/Users/93986/GolandProjects/brambleclaw/cli/cli.go:223","message":"初始化消息总线..."}
{"level":"debug","time":"2026-04-17T18:47:32+08:00","caller":"C:/Users/93986/GolandProjects/brambleclaw/cli/cli.go:227","message":"初始化通道管理器..."}
{"level":"debug","time":"2026-04-17T18:47:32+08:00","caller":"C:/Users/93986/GolandProjects/brambleclaw/cli/cli.go:231","message":"初始化 CLI 通道..."}
{"level":"debug","channel":"cli","time":"2026-04-17T18:47:32+08:00","caller":"C:/Users/93986/GolandProjects/brambleclaw/channel/manager.go:36","message":"channel registered"}
{"level":"debug","time":"2026-04-17T18:47:32+08:00","caller":"C:/Users/93986/GolandProjects/brambleclaw/cli/cli.go:242","message":"加载 Gateway 配置..."}
{"level":"debug","time":"2026-04-17T18:47:32+08:00","caller":"C:/Users/93986/GolandProjects/brambleclaw/cli/cli.go:249","message":"初始化 Gateway..."}
{"level":"debug","time":"2026-04-17T18:47:32+08:00","caller":"C:/Users/93986/GolandProjects/brambleclaw/cli/cli.go:253","message":"[runAgent] 恢复 Agent 并重新注册..."}
{"level":"debug","time":"2026-04-17T18:47:37+08:00","caller":"C:/Users/93986/GolandProjects/brambleclaw/cli/cli.go:205","message":"加载系统配置..."}
{"level":"debug","time":"2026-04-17T18:47:37+08:00","caller":"C:/Users/93986/GolandProjects/brambleclaw/config/config.go:88","message":"显示加载"}
{"level":"debug","time":"2026-04-17T18:47:37+08:00","caller":"C:/Users/93986/GolandProjects/brambleclaw/config/config.go:99","message":"环境变量加载"}
{"level":"debug","path":"C:\\Users\\93986\\GolandProjects\\brambleclaw\\config\\config.json","time":"2026-04-17T18:47:37+08:00","caller":"C:/Users/93986/GolandProjects/brambleclaw/config/config.go:102","message":"从环境变量加载配置成功"}
{"level":"debug","config_path":"C:\\Users\\93986\\GolandProjects\\brambleclaw\\config\\config.json","time":"2026-04-17T18:47:37+08:00","caller":"C:/Users/93986/GolandProjects/brambleclaw/cli/cli.go:217","message":"成功加载配置文件"}
{"level":"debug","time":"2026-04-17T18:47:37+08:00","caller":"C:/Users/93986/GolandProjects/brambleclaw/cli/cli.go:223","message":"初始化消息总线..."}
{"level":"debug","time":"2026-04-17T18:47:37+08:00","caller":"C:/Users/93986/GolandProjects/brambleclaw/cli/cli.go:227","message":"初始化通道管理器..."}
{"level":"debug","time":"2026-04-17T18:47:37+08:00","caller":"C:/Users/93986/GolandProjects/brambleclaw/cli/cli.go:231","message":"初始化 CLI 通道..."}
{"level":"debug","channel":"cli","time":"2026-04-17T18:47:37+08:00","caller":"C:/Users/93986/GolandProjects/brambleclaw/channel/manager.go:36","message":"channel registered"}
{"level":"debug","time":"2026-04-17T18:47:37+08:00","caller":"C:/Users/93986/GolandProjects/brambleclaw/cli/cli.go:242","message":"加载 Gateway 配置..."}
{"level":"debug","time":"2026-04-17T18:47:37+08:00","caller":"C:/Users/93986/GolandProjects/brambleclaw/cli/cli.go:249","message":"初始化 Gateway..."}
{"level":"debug","time":"2026-04-17T18:47:37+08:00","caller":"C:/Users/93986/GolandProjects/brambleclaw/cli/cli.go:253","message":"[runAgent] 恢复 Agent 并重新注册..."}
{"level":"debug","Agent":"main","time":"2026-04-17T18:47:37+08:00","caller":"C:/Users/93986/GolandProjects/brambleclaw/gateway/gateway.go:72","message":"register agent"}
{"level":"debug","Agent":"weixin","time":"2026-04-17T18:47:37+08:00","caller":"C:/Users/93986/GolandProjects/brambleclaw/gateway/gateway.go:72","message":"register agent"}
{"level":"info","time":"2026-04-17T18:47:37+08:00","message":"Starting agent"}
{"level":"info","time":"2026-04-17T18:47:37+08:00","message":"Starting agent"}
{"level":"debug","time":"2026-04-17T18:47:37+08:00","caller":"C:/Users/93986/GolandProjects/brambleclaw/cli/cli.go:270","message":"启动 Gateway 和 Channel..."}
{"level":"info","time":"2026-04-17T18:47:37+08:00","message":"[Gateway] 已启动"}
{"level":"debug","time":"2026-04-17T18:47:37+08:00","caller":"C:/Users/93986/GolandProjects/brambleclaw/gateway/gateway.go:142","message":"[Gateway] 消息处理循环启动"}
{"level":"debug","time":"2026-04-17T18:47:37+08:00","caller":"C:/Users/93986/GolandProjects/brambleclaw/gateway/gateway.go:232","message":"[Gateway] 订阅分发启动"}
{"level":"debug","time":"2026-04-17T18:47:37+08:00","caller":"C:/Users/93986/GolandProjects/brambleclaw/gateway/gateway.go:235","message":"[Gateway] 响应分发启动"}
{"level":"debug","Message received":"nihao","time":"2026-04-17T18:47:39+08:00","caller":"C:/Users/93986/GolandProjects/brambleclaw/bus/queue.go:130"}
{"level":"debug","Message received":" woxiangsi","time":"2026-04-17T18:47:53+08:00","caller":"C:/Users/93986/GolandProjects/brambleclaw/bus/queue.go:130"}
{"level":"debug","time":"2026-04-17T18:48:14+08:00","caller":"C:/Users/93986/GolandProjects/brambleclaw/bus/queue.go:133","message":"Context cancelled"}
{"level":"info","time":"2026-04-17T18:48:14+08:00","message":"[Gateway] 已正常停止"}
{"level":"error","error":"无效的 session key: agent:main:cli:direct:cli:default","session_key":"agent:main:cli:direct:cli:default","time":"2026-04-17T18:48:14+08:00","caller":"C:/Users/93986/GolandProjects/brambleclaw/agent/session_manager.go:175","message":"保存 session 失败"}
{"level":"error","error":"无效的 session key: agent:main:cli:direct:cli:default","time":"2026-04-17T18:48:14+08:00","caller":"C:/Users/93986/GolandProjects/brambleclaw/agent/agent.go:180","message":"保存 sessions 失败"}
{"level":"error","error":"无效的 session key: agent:main:cli:direct:cli:default","session_key":"agent:main:cli:direct:cli:default","time":"2026-04-17T18:48:14+08:00","caller":"C:/Users/93986/GolandProjects/brambleclaw/agent/session_manager.go:175","message":"保存 session 失败"}
{"level":"error","error":"无效的 session key: agent:main:cli:direct:cli:default","time":"2026-04-17T18:48:14+08:00","caller":"C:/Users/93986/GolandProjects/brambleclaw/agent/session_manager.go:207","message":"停止时保存 sessions 失败"}
{"level":"debug","time":"2026-04-17T19:36:58+08:00","caller":"C:/Users/93986/GolandProjects/brambleclaw/cli/cli.go:205","message":"加载系统配置..."}
{"level":"debug","time":"2026-04-17T19:36:58+08:00","caller":"C:/Users/93986/GolandProjects/brambleclaw/config/config.go:88","message":"显示加载"}
{"level":"debug","time":"2026-04-17T19:36:58+08:00","caller":"C:/Users/93986/GolandProjects/brambleclaw/config/config.go:99","message":"环境变量加载"}
{"level":"debug","path":"C:\\Users\\93986\\GolandProjects\\brambleclaw\\config\\config.json","time":"2026-04-17T19:36:58+08:00","caller":"C:/Users/93986/GolandProjects/brambleclaw/config/config.go:102","message":"从环境变量加载配置成功"}
{"level":"debug","config_path":"C:\\Users\\93986\\GolandProjects\\brambleclaw\\config\\config.json","time":"2026-04-17T19:36:58+08:00","caller":"C:/Users/93986/GolandProjects/brambleclaw/cli/cli.go:217","message":"成功加载配置文件"}
{"level":"debug","time":"2026-04-17T19:36:58+08:00","caller":"C:/Users/93986/GolandProjects/brambleclaw/cli/cli.go:223","message":"初始化消息总线..."}
{"level":"debug","time":"2026-04-17T19:36:58+08:00","caller":"C:/Users/93986/GolandProjects/brambleclaw/cli/cli.go:227","message":"初始化通道管理器..."}
{"level":"debug","time":"2026-04-17T19:36:58+08:00","caller":"C:/Users/93986/GolandProjects/brambleclaw/cli/cli.go:231","message":"初始化 CLI 通道..."}
{"level":"debug","channel":"cli","time":"2026-04-17T19:36:58+08:00","caller":"C:/Users/93986/GolandProjects/brambleclaw/channel/manager.go:36","message":"channel registered"}
{"level":"debug","time":"2026-04-17T19:36:58+08:00","caller":"C:/Users/93986/GolandProjects/brambleclaw/cli/cli.go:242","message":"加载 Gateway 配置..."}
{"level":"debug","time":"2026-04-17T19:36:58+08:00","caller":"C:/Users/93986/GolandProjects/brambleclaw/cli/cli.go:249","message":"初始化 Gateway..."}
{"level":"debug","time":"2026-04-17T19:36:58+08:00","caller":"C:/Users/93986/GolandProjects/brambleclaw/cli/cli.go:253","message":"[runAgent] 恢复 Agent 并重新注册..."}
{"level":"debug","Agent":"main","OldWorkspace":"C:Users/93986/.brambleclaw/","NewWorkspace":"C:Users\\93986\\.brambleclaw\\workspace\\main\\C:Users\\93986\\.brambleclaw","time":"2026-04-17T19:36:58+08:00","caller":"C:/Users/93986/GolandProjects/brambleclaw/gateway/gateway.go:84","message":"修正 agent workspace 路径"}
{"level":"debug","Agent":"main","time":"2026-04-17T19:36:58+08:00","caller":"C:/Users/93986/GolandProjects/brambleclaw/gateway/gateway.go:94","message":"register agent"}
{"level":"debug","Agent":"weixin","OldWorkspace":"","NewWorkspace":"C:Users\\93986\\.brambleclaw\\workspace\\weixin","time":"2026-04-17T19:36:58+08:00","caller":"C:/Users/93986/GolandProjects/brambleclaw/gateway/gateway.go:84","message":"修正 agent workspace 路径"}
{"level":"debug","Agent":"weixin","time":"2026-04-17T19:36:58+08:00","caller":"C:/Users/93986/GolandProjects/brambleclaw/gateway/gateway.go:94","message":"register agent"}
{"level":"debug","time":"2026-04-17T19:36:58+08:00","caller":"C:/Users/93986/GolandProjects/brambleclaw/config/config.go:88","message":"显示加载"}
{"level":"debug","time":"2026-04-17T19:36:58+08:00","caller":"C:/Users/93986/GolandProjects/brambleclaw/config/config.go:99","message":"环境变量加载"}
{"level":"debug","path":"C:\\Users\\93986\\GolandProjects\\brambleclaw\\config\\config.json","time":"2026-04-17T19:36:58+08:00","caller":"C:/Users/93986/GolandProjects/brambleclaw/config/config.go:102","message":"从环境变量加载配置成功"}
{"level":"debug","path":"C:\\Users\\93986\\GolandProjects\\brambleclaw\\config\\config.json","time":"2026-04-17T19:36:58+08:00","caller":"C:/Users/93986/GolandProjects/brambleclaw/gateway/gateway.go:351","message":"[Gateway] 配置已同步到文件"}
{"level":"info","time":"2026-04-17T19:36:58+08:00","message":"Starting agent"}
{"level":"warn","error":"列出 sessions 失败: 读取 memory 目录失败(C:Users\\93986\\.brambleclaw\\workspace\\main\\C:Users\\93986\\.brambleclaw\\main\\workspace\\memory): open C:Users\\93986\\.brambleclaw\\workspace\\main\\C:Users\\93986\\.brambleclaw\\main\\workspace\\memory: The filename, directory name, or volume label syntax is incorrect.","time":"2026-04-17T19:36:58+08:00","message":"加载历史 sessions 失败"}
{"level":"info","time":"2026-04-17T19:36:58+08:00","message":"Starting agent"}
{"level":"debug","time":"2026-04-17T19:36:58+08:00","caller":"C:/Users/93986/GolandProjects/brambleclaw/cli/cli.go:270","message":"启动 Gateway 和 Channel..."}
{"level":"info","time":"2026-04-17T19:36:58+08:00","message":"[Gateway] 已启动"}
{"level":"debug","time":"2026-04-17T19:36:58+08:00","caller":"C:/Users/93986/GolandProjects/brambleclaw/gateway/gateway.go:262","message":"[Gateway] 订阅分发启动"}
{"level":"debug","time":"2026-04-17T19:36:58+08:00","caller":"C:/Users/93986/GolandProjects/brambleclaw/gateway/gateway.go:172","message":"[Gateway] 消息处理循环启动"}
{"level":"debug","time":"2026-04-17T19:36:58+08:00","caller":"C:/Users/93986/GolandProjects/brambleclaw/gateway/gateway.go:265","message":"[Gateway] 响应分发启动"}
{"level":"debug","Message received":"fkdjkfjdpf","time":"2026-04-17T19:37:04+08:00","caller":"C:/Users/93986/GolandProjects/brambleclaw/bus/queue.go:130"}
{"level":"debug","Message received":"kdjfknd","time":"2026-04-17T19:37:13+08:00","caller":"C:/Users/93986/GolandProjects/brambleclaw/bus/queue.go:130"}
{"level":"debug","time":"2026-04-17T19:37:28+08:00","caller":"C:/Users/93986/GolandProjects/brambleclaw/bus/queue.go:133","message":"Context cancelled"}
{"level":"info","time":"2026-04-17T19:37:28+08:00","message":"[Gateway] 已正常停止"}
{"level":"error","error":"无效的 session key: agent:main:cli:direct:cli:default","session_key":"agent:main:cli:direct:cli:default","time":"2026-04-17T19:37:28+08:00","caller":"C:/Users/93986/GolandProjects/brambleclaw/agent/session_manager.go:175","message":"保存 session 失败"}
{"level":"error","error":"无效的 session key: agent:main:cli:direct:cli:default","time":"2026-04-17T19:37:28+08:00","caller":"C:/Users/93986/GolandProjects/brambleclaw/agent/agent.go:180","message":"保存 sessions 失败"}
{"level":"error","error":"无效的 session key: agent:main:cli:direct:cli:default","session_key":"agent:main:cli:direct:cli:default","time":"2026-04-17T19:37:28+08:00","caller":"C:/Users/93986/GolandProjects/brambleclaw/agent/session_manager.go:175","message":"保存 session 失败"}
{"level":"error","error":"无效的 session key: agent:main:cli:direct:cli:default","time":"2026-04-17T19:37:28+08:00","caller":"C:/Users/93986/GolandProjects/brambleclaw/agent/session_manager.go:207","message":"停止时保存 sessions 失败"}
{"level":"debug","time":"2026-04-17T19:37:33+08:00","caller":"C:/Users/93986/GolandProjects/brambleclaw/config/config.go:88","message":"显示加载"}
{"level":"debug","time":"2026-04-17T19:37:33+08:00","caller":"C:/Users/93986/GolandProjects/brambleclaw/config/config.go:99","message":"环境变量加载"}
{"level":"debug","path":"C:\\Users\\93986\\GolandProjects\\brambleclaw\\config\\config.json","time":"2026-04-17T19:37:33+08:00","caller":"C:/Users/93986/GolandProjects/brambleclaw/config/config.go:102","message":"从环境变量加载配置成功"}
{"level":"debug","time":"2026-04-17T19:37:56+08:00","caller":"C:/Users/93986/GolandProjects/brambleclaw/cli/cli.go:182","message":"加载配置并初始化日志分析器..."}
{"level":"debug","time":"2026-04-17T19:37:56+08:00","caller":"C:/Users/93986/GolandProjects/brambleclaw/config/config.go:88","message":"显示加载"}
{"level":"debug","time":"2026-04-17T19:37:56+08:00","caller":"C:/Users/93986/GolandProjects/brambleclaw/config/config.go:99","message":"环境变量加载"}
{"level":"debug","path":"C:\\Users\\93986\\GolandProjects\\brambleclaw\\config\\config.json","time":"2026-04-17T19:37:56+08:00","caller":"C:/Users/93986/GolandProjects/brambleclaw/config/config.go:102","message":"从环境变量加载配置成功"}
{"level":"debug","log_path":"logs/brambleclaw.log","lines":100,"time":"2026-04-17T19:37:56+08:00","caller":"C:/Users/93986/GolandProjects/brambleclaw/cli/cli.go:195","message":"开始格式化输出日志"}
{"level":"debug","log_path":"logs/brambleclaw.log","lines":100,"time":"2026-04-17T19:37:56+08:00","caller":"C:/Users/93986/GolandProjects/brambleclaw/logger/analyzer.go:14","message":"开始读取和分析日志"}
{"level":"debug","time":"2026-04-18T16:53:00+08:00","caller":"C:/Users/93986/GolandProjects/brambleclaw/cli/cli.go:205","message":"加载系统配置..."}
{"level":"debug","time":"2026-04-18T16:53:00+08:00","caller":"C:/Users/93986/GolandProjects/brambleclaw/config/config.go:103","message":"显示加载"}
{"level":"debug","time":"2026-04-18T16:53:00+08:00","caller":"C:/Users/93986/GolandProjects/brambleclaw/config/config.go:114","message":"环境变量加载"}
{"level":"debug","path":"C:\\Users\\93986\\GolandProjects\\brambleclaw\\config\\config.json","time":"2026-04-18T16:53:00+08:00","caller":"C:/Users/93986/GolandProjects/brambleclaw/config/config.go:117","message":"从环境变量加载配置成功"}
{"level":"debug","config_path":"C:\\Users\\93986\\GolandProjects\\brambleclaw\\config\\config.json","time":"2026-04-18T16:53:00+08:00","caller":"C:/Users/93986/GolandProjects/brambleclaw/cli/cli.go:216","message":"成功加载配置文件"}
{"level":"debug","time":"2026-04-18T16:53:00+08:00","caller":"C:/Users/93986/GolandProjects/brambleclaw/cli/cli.go:224","message":"初始化消息总线..."}
{"level":"debug","time":"2026-04-18T16:53:00+08:00","caller":"C:/Users/93986/GolandProjects/brambleclaw/cli/cli.go:228","message":"初始化通道管理器..."}
{"level":"debug","time":"2026-04-18T16:53:00+08:00","caller":"C:/Users/93986/GolandProjects/brambleclaw/cli/cli.go:232","message":"初始化 CLI 通道..."}
{"level":"debug","channel":"cli","time":"2026-04-18T16:53:00+08:00","caller":"C:/Users/93986/GolandProjects/brambleclaw/channel/manager.go:36","message":"channel registered"}
{"level":"debug","time":"2026-04-18T16:53:00+08:00","caller":"C:/Users/93986/GolandProjects/brambleclaw/cli/cli.go:243","message":"加载 Gateway 配置..."}
{"level":"debug","time":"2026-04-18T16:53:00+08:00","caller":"C:/Users/93986/GolandProjects/brambleclaw/cli/cli.go:250","message":"初始化 Gateway..."}
{"level":"debug","time":"2026-04-18T16:53:00+08:00","caller":"C:/Users/93986/GolandProjects/brambleclaw/cli/cli.go:254","message":"[runAgent] 恢复 Agent 并重新注册..."}
{"level":"debug","Agent":"main","OldWorkspace":"C:Users\\93986\\.brambleclaw\\workspace\\main\\C:Users\\93986\\.brambleclaw","NewWorkspace":"C:Users\\93986\\.brambleclaw\\workspace\\main\\C:Users\\93986\\.brambleclaw\\workspace\\main\\C:Users\\93986\\.brambleclaw","time":"2026-04-18T16:53:00+08:00","caller":"C:/Users/93986/GolandProjects/brambleclaw/gateway/gateway.go:84","message":"修正 agent workspace 路径"}
{"level":"debug","Agent":"main","time":"2026-04-18T16:53:00+08:00","caller":"C:/Users/93986/GolandProjects/brambleclaw/gateway/gateway.go:99","message":"register agent"}
{"level":"debug","Agent":"weixin","OldWorkspace":"C:Users\\93986\\.brambleclaw\\workspace\\weixin","NewWorkspace":"C:Users\\93986\\.brambleclaw\\workspace\\weixin\\C:Users\\93986\\.brambleclaw\\workspace\\weixin","time":"2026-04-18T16:53:00+08:00","caller":"C:/Users/93986/GolandProjects/brambleclaw/gateway/gateway.go:84","message":"修正 agent workspace 路径"}
{"level":"debug","Agent":"weixin","time":"2026-04-18T16:53:00+08:00","caller":"C:/Users/93986/GolandProjects/brambleclaw/gateway/gateway.go:99","message":"register agent"}
{"level":"debug","time":"2026-04-18T16:53:00+08:00","caller":"C:/Users/93986/GolandProjects/brambleclaw/config/config.go:103","message":"显示加载"}
{"level":"debug","time":"2026-04-18T16:53:00+08:00","caller":"C:/Users/93986/GolandProjects/brambleclaw/config/config.go:114","message":"环境变量加载"}
{"level":"debug","path":"C:\\Users\\93986\\GolandProjects\\brambleclaw\\config\\config.json","time":"2026-04-18T16:53:00+08:00","caller":"C:/Users/93986/GolandProjects/brambleclaw/config/config.go:117","message":"从环境变量加载配置成功"}
{"level":"debug","path":"C:\\Users\\93986\\GolandProjects\\brambleclaw\\config\\config.json","time":"2026-04-18T16:53:00+08:00","caller":"C:/Users/93986/GolandProjects/brambleclaw/gateway/gateway.go:315","message":"[Gateway] 配置已同步到文件"}
{"level":"info","time":"2026-04-18T16:53:00+08:00","message":"Starting agent"}
{"level":"warn","error":"列出 sessions 失败: 读取 memory 目录失败(C:Users\\93986\\.brambleclaw\\workspace\\main\\C:Users\\93986\\.brambleclaw\\workspace\\main\\C:Users\\93986\\.brambleclaw\\main\\workspace\\memory): open C:Users\\93986\\.brambleclaw\\workspace\\main\\C:Users\\93986\\.brambleclaw\\workspace\\main\\C:Users\\93986\\.brambleclaw\\main\\workspace\\memory: The filename, directory name, or volume label syntax is incorrect.","time":"2026-04-18T16:53:00+08:00","message":"加载历史 sessions 失败"}
{"level":"info","time":"2026-04-18T16:53:00+08:00","message":"Starting agent"}
{"level":"warn","error":"列出 sessions 失败: 读取 memory 目录失败(C:Users\\93986\\.brambleclaw\\workspace\\weixin\\C:Users\\93986\\.brambleclaw\\workspace\\weixin\\weixin\\workspace\\memory): open C:Users\\93986\\.brambleclaw\\workspace\\weixin\\C:Users\\93986\\.brambleclaw\\workspace\\weixin\\weixin\\workspace\\memory: The filename, directory name, or volume label syntax is incorrect.","time":"2026-04-18T16:53:00+08:00","message":"加载历史 sessions 失败"}
{"level":"debug","time":"2026-04-18T16:53:00+08:00","caller":"C:/Users/93986/GolandProjects/brambleclaw/cli/cli.go:271","message":"启动 Gateway 和 Channel..."}
{"level":"info","time":"2026-04-18T16:53:00+08:00","message":"[Gateway] 已启动"}
{"level":"debug","time":"2026-04-18T16:53:00+08:00","caller":"C:/Users/93986/GolandProjects/brambleclaw/gateway/gateway.go:177","message":"[Gateway] 消息处理循环启动"}
{"level":"debug","time":"2026-04-18T16:53:00+08:00","caller":"C:/Users/93986/GolandProjects/brambleclaw/gateway/gateway.go:226","message":"[Gateway] 订阅分发启动"}
{"level":"debug","time":"2026-04-18T16:53:00+08:00","caller":"C:/Users/93986/GolandProjects/brambleclaw/gateway/gateway.go:229","message":"[Gateway] 响应分发启动"}
{"level":"debug","Message received":"你是谁","time":"2026-04-18T16:53:06+08:00","caller":"C:/Users/93986/GolandProjects/brambleclaw/bus/queue.go:130"}
{"level":"error","error":"failed to read file AGENT.md: open AGENT.md: The system cannot find the file specified.","time":"2026-04-18T16:53:06+08:00","caller":"C:/Users/93986/GolandProjects/brambleclaw/agent/agent.go:67","message":"Failed to build full system prompt"}
{"level":"debug","Message received":"你的soul是什么","time":"2026-04-18T16:53:28+08:00","caller":"C:/Users/93986/GolandProjects/brambleclaw/bus/queue.go:130"}
{"level":"debug","time":"2026-04-18T16:54:04+08:00","caller":"C:/Users/93986/GolandProjects/brambleclaw/config/config.go:103","message":"显示加载"}
{"level":"debug","time":"2026-04-18T16:54:04+08:00","caller":"C:/Users/93986/GolandProjects/brambleclaw/config/config.go:114","message":"环境变量加载"}
{"level":"debug","path":"C:\\Users\\93986\\GolandProjects\\brambleclaw\\config\\config.json","time":"2026-04-18T16:54:04+08:00","caller":"C:/Users/93986/GolandProjects/brambleclaw/config/config.go:117","message":"从环境变量加载配置成功"}
{"level":"error","error":"全局工作空间目录并不存在。你是否忘记运行`brambleclaw init` 命令？请检查配置文件","time":"2026-04-18T16:54:04+08:00","caller":"C:/Users/93986/GolandProjects/brambleclaw/cli/cli.go:84","message":"命令执行失败"}
{"level":"fatal","error":"全局工作空间目录并不存在。你是否忘记运行`brambleclaw init` 命令？请检查配置文件","time":"2026-04-18T16:54:04+08:00","caller":"C:/Users/93986/GolandProjects/brambleclaw/main.go:12","message":"CLI执行失败"}
{"level":"debug","Message received":"你好地方","time":"2026-04-18T16:57:04+08:00","caller":"C:/Users/93986/GolandProjects/brambleclaw/bus/queue.go:130"}
{"level":"error","error":"context canceled","time":"2026-04-18T16:57:08+08:00","caller":"C:/Users/93986/GolandProjects/brambleclaw/agent/agent.go:123","message":"Error publishing response"}
{"level":"info","time":"2026-04-18T16:57:08+08:00","message":"[Gateway] 已正常停止"}
{"level":"error","error":"保存 session 失败: 创建 memory 目录失败(C:Users\\93986\\.brambleclaw\\workspace\\main\\C:Users\\93986\\.brambleclaw\\workspace\\main\\C:Users\\93986\\.brambleclaw\\main\\workspace\\memory): mkdir C:Users\\93986\\.brambleclaw\\workspace\\main\\C:Users: The directory name is invalid.","session_key":"cli::cli:default","time":"2026-04-18T16:57:08+08:00","caller":"C:/Users/93986/GolandProjects/brambleclaw/agent/session_manager.go:171","message":"保存 session 失败"}
{"level":"error","error":"保存 session 失败: 创建 memory 目录失败(C:Users\\93986\\.brambleclaw\\workspace\\main\\C:Users\\93986\\.brambleclaw\\workspace\\main\\C:Users\\93986\\.brambleclaw\\main\\workspace\\memory): mkdir C:Users\\93986\\.brambleclaw\\workspace\\main\\C:Users: The directory name is invalid.","time":"2026-04-18T16:57:08+08:00","caller":"C:/Users/93986/GolandProjects/brambleclaw/agent/agent.go:180","message":"保存 sessions 失败"}
{"level":"error","error":"保存 session 失败: 创建 memory 目录失败(C:Users\\93986\\.brambleclaw\\workspace\\main\\C:Users\\93986\\.brambleclaw\\workspace\\main\\C:Users\\93986\\.brambleclaw\\main\\workspace\\memory): mkdir C:Users\\93986\\.brambleclaw\\workspace\\main\\C:Users: The directory name is invalid.","session_key":"cli::cli:default","time":"2026-04-18T16:57:08+08:00","caller":"C:/Users/93986/GolandProjects/brambleclaw/agent/session_manager.go:171","message":"保存 session 失败"}
{"level":"error","error":"保存 session 失败: 创建 memory 目录失败(C:Users\\93986\\.brambleclaw\\workspace\\main\\C:Users\\93986\\.brambleclaw\\workspace\\main\\C:Users\\93986\\.brambleclaw\\main\\workspace\\memory): mkdir C:Users\\93986\\.brambleclaw\\workspace\\main\\C:Users: The directory name is invalid.","time":"2026-04-18T16:57:08+08:00","caller":"C:/Users/93986/GolandProjects/brambleclaw/agent/session_manager.go:203","message":"停止时保存 sessions 失败"}
{"level":"debug","time":"2026-04-18T16:57:15+08:00","caller":"C:/Users/93986/GolandProjects/brambleclaw/cli/cli.go:205","message":"加载系统配置..."}
{"level":"debug","time":"2026-04-18T16:57:15+08:00","caller":"C:/Users/93986/GolandProjects/brambleclaw/config/config.go:103","message":"显示加载"}
{"level":"debug","time":"2026-04-18T16:57:15+08:00","caller":"C:/Users/93986/GolandProjects/brambleclaw/config/config.go:114","message":"环境变量加载"}
{"level":"debug","path":"C:\\Users\\93986\\GolandProjects\\brambleclaw\\config\\config.json","time":"2026-04-18T16:57:15+08:00","caller":"C:/Users/93986/GolandProjects/brambleclaw/config/config.go:117","message":"从环境变量加载配置成功"}
{"level":"debug","config_path":"C:\\Users\\93986\\GolandProjects\\brambleclaw\\config\\config.json","time":"2026-04-18T16:57:15+08:00","caller":"C:/Users/93986/GolandProjects/brambleclaw/cli/cli.go:216","message":"成功加载配置文件"}
{"level":"debug","time":"2026-04-18T16:57:15+08:00","caller":"C:/Users/93986/GolandProjects/brambleclaw/cli/cli.go:224","message":"初始化消息总线..."}
{"level":"debug","time":"2026-04-18T16:57:15+08:00","caller":"C:/Users/93986/GolandProjects/brambleclaw/cli/cli.go:228","message":"初始化通道管理器..."}
{"level":"debug","time":"2026-04-18T16:57:15+08:00","caller":"C:/Users/93986/GolandProjects/brambleclaw/cli/cli.go:232","message":"初始化 CLI 通道..."}
{"level":"debug","channel":"cli","time":"2026-04-18T16:57:15+08:00","caller":"C:/Users/93986/GolandProjects/brambleclaw/channel/manager.go:36","message":"channel registered"}
{"level":"debug","time":"2026-04-18T16:57:15+08:00","caller":"C:/Users/93986/GolandProjects/brambleclaw/cli/cli.go:243","message":"加载 Gateway 配置..."}
{"level":"debug","time":"2026-04-18T16:57:15+08:00","caller":"C:/Users/93986/GolandProjects/brambleclaw/cli/cli.go:250","message":"初始化 Gateway..."}
{"level":"debug","time":"2026-04-18T16:57:15+08:00","caller":"C:/Users/93986/GolandProjects/brambleclaw/cli/cli.go:254","message":"[runAgent] 恢复 Agent 并重新注册..."}
{"level":"debug","Agent":"main","OldWorkspace":"C:Users\\93986\\.brambleclaw\\workspace\\main\\C:Users\\93986\\.brambleclaw\\workspace\\main\\C:Users\\93986\\.brambleclaw","NewWorkspace":"C:Users\\93986\\.brambleclaw\\workspace\\main\\C:Users\\93986\\.brambleclaw\\workspace\\main\\C:Users\\93986\\.brambleclaw\\workspace\\main\\C:Users\\93986\\.brambleclaw","time":"2026-04-18T16:57:15+08:00","caller":"C:/Users/93986/GolandProjects/brambleclaw/gateway/gateway.go:84","message":"修正 agent workspace 路径"}
{"level":"debug","Agent":"main","time":"2026-04-18T16:57:15+08:00","caller":"C:/Users/93986/GolandProjects/brambleclaw/gateway/gateway.go:99","message":"register agent"}
{"level":"debug","Agent":"weixin","OldWorkspace":"C:Users\\93986\\.brambleclaw\\workspace\\weixin\\C:Users\\93986\\.brambleclaw\\workspace\\weixin","NewWorkspace":"C:Users\\93986\\.brambleclaw\\workspace\\weixin\\C:Users\\93986\\.brambleclaw\\workspace\\weixin\\C:Users\\93986\\.brambleclaw\\workspace\\weixin","time":"2026-04-18T16:57:15+08:00","caller":"C:/Users/93986/GolandProjects/brambleclaw/gateway/gateway.go:84","message":"修正 agent workspace 路径"}
{"level":"debug","Agent":"weixin","time":"2026-04-18T16:57:15+08:00","caller":"C:/Users/93986/GolandProjects/brambleclaw/gateway/gateway.go:99","message":"register agent"}
{"level":"debug","time":"2026-04-18T16:57:15+08:00","caller":"C:/Users/93986/GolandProjects/brambleclaw/config/config.go:103","message":"显示加载"}
{"level":"debug","time":"2026-04-18T16:57:15+08:00","caller":"C:/Users/93986/GolandProjects/brambleclaw/config/config.go:114","message":"环境变量加载"}
{"level":"debug","path":"C:\\Users\\93986\\GolandProjects\\brambleclaw\\config\\config.json","time":"2026-04-18T16:57:15+08:00","caller":"C:/Users/93986/GolandProjects/brambleclaw/config/config.go:117","message":"从环境变量加载配置成功"}
{"level":"debug","path":"C:\\Users\\93986\\GolandProjects\\brambleclaw\\config\\config.json","time":"2026-04-18T16:57:15+08:00","caller":"C:/Users/93986/GolandProjects/brambleclaw/gateway/gateway.go:315","message":"[Gateway] 配置已同步到文件"}
{"level":"info","time":"2026-04-18T16:57:15+08:00","message":"Starting agent"}
{"level":"warn","error":"列出 sessions 失败: 读取 memory 目录失败(C:Users\\93986\\.brambleclaw\\workspace\\main\\C:Users\\93986\\.brambleclaw\\workspace\\main\\C:Users\\93986\\.brambleclaw\\workspace\\main\\C:Users\\93986\\.brambleclaw\\main\\workspace\\memory): open C:Users\\93986\\.brambleclaw\\workspace\\main\\C:Users\\93986\\.brambleclaw\\workspace\\main\\C:Users\\93986\\.brambleclaw\\workspace\\main\\C:Users\\93986\\.brambleclaw\\main\\workspace\\memory: The filename, directory name, or volume label syntax is incorrect.","time":"2026-04-18T16:57:15+08:00","message":"加载历史 sessions 失败"}
{"level":"info","time":"2026-04-18T16:57:15+08:00","message":"Starting agent"}
{"level":"warn","error":"列出 sessions 失败: 读取 memory 目录失败(C:Users\\93986\\.brambleclaw\\workspace\\weixin\\C:Users\\93986\\.brambleclaw\\workspace\\weixin\\C:Users\\93986\\.brambleclaw\\workspace\\weixin\\weixin\\workspace\\memory): open C:Users\\93986\\.brambleclaw\\workspace\\weixin\\C:Users\\93986\\.brambleclaw\\workspace\\weixin\\C:Users\\93986\\.brambleclaw\\workspace\\weixin\\weixin\\workspace\\memory: The filename, directory name, or volume label syntax is incorrect.","time":"2026-04-18T16:57:15+08:00","message":"加载历史 sessions 失败"}
{"level":"debug","time":"2026-04-18T16:57:15+08:00","caller":"C:/Users/93986/GolandProjects/brambleclaw/cli/cli.go:271","message":"启动 Gateway 和 Channel..."}
{"level":"info","time":"2026-04-18T16:57:15+08:00","message":"[Gateway] 已启动"}
{"level":"debug","time":"2026-04-18T16:57:15+08:00","caller":"C:/Users/93986/GolandProjects/brambleclaw/gateway/gateway.go:177","message":"[Gateway] 消息处理循环启动"}
{"level":"debug","time":"2026-04-18T16:57:15+08:00","caller":"C:/Users/93986/GolandProjects/brambleclaw/gateway/gateway.go:226","message":"[Gateway] 订阅分发启动"}
{"level":"debug","time":"2026-04-18T16:57:15+08:00","caller":"C:/Users/93986/GolandProjects/brambleclaw/gateway/gateway.go:229","message":"[Gateway] 响应分发启动"}
{"level":"debug","Message received":"的开发接口的","time":"2026-04-18T16:57:17+08:00","caller":"C:/Users/93986/GolandProjects/brambleclaw/bus/queue.go:130"}
{"level":"error","error":"failed to read file AGENT.md: open AGENT.md: The system cannot find the file specified.","time":"2026-04-18T16:57:17+08:00","caller":"C:/Users/93986/GolandProjects/brambleclaw/agent/agent.go:67","message":"Failed to build full system prompt"}
{"level":"debug","time":"2026-04-18T16:57:35+08:00","caller":"C:/Users/93986/GolandProjects/brambleclaw/cli/cli.go:182","message":"加载配置并初始化日志分析器..."}
{"level":"debug","time":"2026-04-18T16:57:35+08:00","caller":"C:/Users/93986/GolandProjects/brambleclaw/config/config.go:103","message":"显示加载"}
{"level":"debug","time":"2026-04-18T16:57:35+08:00","caller":"C:/Users/93986/GolandProjects/brambleclaw/config/config.go:114","message":"环境变量加载"}
{"level":"debug","path":"C:\\Users\\93986\\GolandProjects\\brambleclaw\\config\\config.json","time":"2026-04-18T16:57:35+08:00","caller":"C:/Users/93986/GolandProjects/brambleclaw/config/config.go:117","message":"从环境变量加载配置成功"}
{"level":"debug","log_path":"logs/brambleclaw.log","lines":100,"time":"2026-04-18T16:57:35+08:00","caller":"C:/Users/93986/GolandProjects/brambleclaw/cli/cli.go:195","message":"开始格式化输出日志"}
{"level":"debug","log_path":"logs/brambleclaw.log","lines":100,"time":"2026-04-18T16:57:35+08:00","caller":"C:/Users/93986/GolandProjects/brambleclaw/logger/analyzer.go:14","message":"开始读取和分析日志"}
